Building for debugging...
[0/8] Write sources
[1/8] /private/tmp/llmq-handoff-mutant-20260907/.build/arm64-apple-macosx/debug/HandoffMutationPackageTests.derived/runner.swift
[3/8] Write sources
[4/8] Copying Resources
[5/8] Write swift-version--58304C5D6DBC2206.txt
[7/124] Compiling LLMQuotaCore Playbook.swift
[8/124] Compiling LLMQuotaCore PostLandRepair.swift
[9/124] Compiling LLMQuotaCore PremiseCheck.swift
[10/124] Compiling LLMQuotaCore ProductBrief.swift
[11/124] Compiling LLMQuotaCore ProgressLog.swift
[12/124] Compiling LLMQuotaCore ProjectContract.swift
[13/124] Compiling LLMQuotaCore ProjectExecutionScope.swift
[14/124] Compiling LLMQuotaCore ProjectorInstallation.swift
[15/124] Compiling LLMQuotaCore Push.swift
[16/124] Compiling LLMQuotaCore QualityArchitectureReview.swift
[17/124] Compiling LLMQuotaCore QualityGuardrailGate.swift
[18/124] Compiling LLMQuotaCore QuotaCalibration.swift
[19/124] Compiling LLMQuotaCore QuotaCeiling.swift
[20/136] Emitting module LLMQuotaCore
[21/136] Compiling LLMQuotaCore GraphSession.swift
[22/136] Compiling LLMQuotaCore Housekeeping.swift
[23/136] Compiling LLMQuotaCore IdleFiller.swift
[24/136] Compiling LLMQuotaCore IdleReason.swift
[25/136] Compiling LLMQuotaCore Inbox.swift
[26/136] Compiling LLMQuotaCore KimiArtifactProgress.swift
[27/136] Compiling LLMQuotaCore LegacyContextPromptBuilder.swift
[28/136] Compiling LLMQuotaCore LifecycleIsolation.swift
[29/136] Compiling LLMQuotaCore LimitLearner.swift
[30/136] Compiling LLMQuotaCore LocalWorkerPool.swift
[31/136] Compiling LLMQuotaCore LowValueDelegationPolicy.swift
[32/136] Compiling LLMQuotaCore MergeReview.swift
[33/136] Compiling LLMQuotaCore Milestone.swift
[34/136] Compiling LLMQuotaCore TaskClassifier.swift
[35/136] Compiling LLMQuotaCore TaskDecomposer.swift
[36/136] Compiling LLMQuotaCore TaskGraph.swift
[37/136] Compiling LLMQuotaCore TaskIntake.swift
[38/136] Compiling LLMQuotaCore TaskKind.swift
[39/136] Compiling LLMQuotaCore TaskPause.swift
[40/136] Compiling LLMQuotaCore TaskProfile.swift
[41/136] Compiling LLMQuotaCore TaskResourcePolicy.swift
[42/136] Compiling LLMQuotaCore TechnicalDisposition.swift
[43/136] Compiling LLMQuotaCore TechnicalRecovery.swift
[44/136] Compiling LLMQuotaCore VerdictQuality.swift
[45/136] Compiling LLMQuotaCore VerifyRepair.swift
[46/136] Compiling LLMQuotaCore Adapters.swift
[47/136] Compiling LLMQuotaCore AdaptiveQuotaModel.swift
[48/136] Compiling LLMQuotaCore AgentRegistry.swift
[49/136] Compiling LLMQuotaCore AgentRole.swift
[50/136] Compiling LLMQuotaCore Approval.swift
[51/136] Compiling LLMQuotaCore ArchitectReview.swift
[52/136] Compiling LLMQuotaCore Archive.swift
[53/136] Compiling LLMQuotaCore Ask.swift
[54/136] Compiling LLMQuotaCore AutoRefill.swift
[55/136] Compiling LLMQuotaCore BaselineFreshness.swift
[56/136] Compiling LLMQuotaCore BinarySwap.swift
[57/136] Compiling LLMQuotaCore BossGate.swift
[58/136] Compiling LLMQuotaCore Brief.swift
[59/136] Compiling LLMQuotaCore SecurityAudit.swift
[60/136] Compiling LLMQuotaCore SelfCheck.swift
[61/136] Compiling LLMQuotaCore SharedConfigJournal.swift
[62/136] Compiling LLMQuotaCore Showcase.swift
[63/136] Compiling LLMQuotaCore SmartConsultationPolicy.swift
[64/136] Compiling LLMQuotaCore StageFindingLoop.swift
[65/136] Compiling LLMQuotaCore StageObservationExecution.swift
[66/136] Compiling LLMQuotaCore StaleBranch.swift
[67/136] Compiling LLMQuotaCore StaleIdentitySweep.swift
[68/136] Compiling LLMQuotaCore Store.swift
[69/136] Compiling LLMQuotaCore TaskBoard.swift
[70/136] Compiling LLMQuotaCore TaskBoardStore.swift
[71/136] Compiling LLMQuotaCore MiniMaxAdapter.swift
[72/136] Compiling LLMQuotaCore MiniMaxProbe.swift
[73/136] Compiling LLMQuotaCore Mirror.swift
[74/136] Compiling LLMQuotaCore MobileAction.swift
[75/136] Compiling LLMQuotaCore Model.swift
[76/136] Compiling LLMQuotaCore NotificationDetail.swift
[77/136] Compiling LLMQuotaCore Nudge.swift
[78/136] Compiling LLMQuotaCore OfficeEvent.swift
[79/136] Compiling LLMQuotaCore OpenCodeAdapter.swift
[80/136] Compiling LLMQuotaCore OutputExists.swift
[81/136] Compiling LLMQuotaCore Plan.swift
[82/136] Compiling LLMQuotaCore Planned.swift
[83/136] Compiling LLMQuotaCore PlatformHealth.swift
[84/136] Compiling LLMQuotaCore ContextPack.swift
[85/136] Compiling LLMQuotaCore ContextPackRollout.swift
[86/136] Compiling LLMQuotaCore ContextProjection.swift
[87/136] Compiling LLMQuotaCore ContextTelemetry.swift
[88/136] Compiling LLMQuotaCore Cooldown.swift
[89/136] Compiling LLMQuotaCore DashboardHTML.swift
[90/136] Compiling LLMQuotaCore Debris.swift
[91/136] Compiling LLMQuotaCore DuplicateGuard.swift
[92/136] Compiling LLMQuotaCore EvidenceGate.swift
[93/136] Compiling LLMQuotaCore ExitClassify.swift
[94/136] Compiling LLMQuotaCore Format.swift
[95/136] Compiling LLMQuotaCore GameProjectBootstrap.swift
[96/136] Compiling LLMQuotaCore GoldenSampleGate.swift
[97/136] Compiling LLMQuotaCore ClusterCA.swift
/private/tmp/llmq-handoff-mutant-20260907/Sources/LLMQuotaCore/ClusterNet.swift:141:13: warning: 'SecKeychainCreate' was deprecated in macOS 10.10: SecKeychain is deprecated [#DeprecatedDeclaration]
 139 |         var kc: SecKeychain?
 140 |         let st = pw.withCString { p in
 141 |             SecKeychainCreate(path, UInt32(strlen(p)), p, false, nil, &kc)
     |             `- warning: 'SecKeychainCreate' was deprecated in macOS 10.10: SecKeychain is deprecated [#DeprecatedDeclaration]
 142 |         }
 143 |         guard st == errSecSuccess, let kc else { return nil }

/private/tmp/llmq-handoff-mutant-20260907/Sources/LLMQuotaCore/ClusterNet.swift:152:13: warning: 'SecKeychainUnlock' was deprecated in macOS 10.10: SecKeychain is deprecated [#DeprecatedDeclaration]
 150 |         scratchPassword = pw
 151 |         _ = pw.withCString { p in
 152 |             SecKeychainUnlock(kc, UInt32(strlen(p)), p, true)
     |             `- warning: 'SecKeychainUnlock' was deprecated in macOS 10.10: SecKeychain is deprecated [#DeprecatedDeclaration]
 153 |         }
 154 |         // **到此为止，别再碰这个钥匙串的任何设置。**

/private/tmp/llmq-handoff-mutant-20260907/Sources/LLMQuotaCore/ClusterNet.swift:203:15: warning: 'SecKeychainCopySearchList' was deprecated in macOS 10.10: SecKeychain is deprecated [#DeprecatedDeclaration]
 201 |     private static func setSearchList(adding kc: SecKeychain?) {
 202 |         var list: CFArray?
 203 |         guard SecKeychainCopySearchList(&list) == errSecSuccess,
     |               `- warning: 'SecKeychainCopySearchList' was deprecated in macOS 10.10: SecKeychain is deprecated [#DeprecatedDeclaration]
 204 |               let arr = list as? [SecKeychain] else { return }
 205 |         let mine = scratchDir.appendingPathComponent("scratch-").path

/private/tmp/llmq-handoff-mutant-20260907/Sources/LLMQuotaCore/ClusterNet.swift:211:16: warning: 'SecKeychainGetPath' was deprecated in macOS 10.10: SecKeychain is deprecated [#DeprecatedDeclaration]
 209 |             var buf = [CChar](repeating: 0, count: 4096)
 210 |             var len = UInt32(buf.count)
 211 |             if SecKeychainGetPath(k, &len, &buf) == errSecSuccess {
     |                `- warning: 'SecKeychainGetPath' was deprecated in macOS 10.10: SecKeychain is deprecated [#DeprecatedDeclaration]
 212 |                 let p = String(cString: buf)
 213 |                 // 本工具的、而且文件已经没了 —— 这条是死的，剔掉。

/private/tmp/llmq-handoff-mutant-20260907/Sources/LLMQuotaCore/ClusterNet.swift:222:13: warning: 'SecKeychainSetSearchList' was deprecated in macOS 10.10: SecKeychain is deprecated [#DeprecatedDeclaration]
 220 |         }
 221 |         if let kc { kept.insert(kc, at: 0) }
 222 |         _ = SecKeychainSetSearchList(kept as CFArray)
     |             `- warning: 'SecKeychainSetSearchList' was deprecated in macOS 10.10: SecKeychain is deprecated [#DeprecatedDeclaration]
 223 |     }
 224 | 

/private/tmp/llmq-handoff-mutant-20260907/Sources/LLMQuotaCore/ClusterNet.swift:216:24: warning: immutable value 'kc' was never used; consider replacing with '_' or removing it [#no-usage]
 214 |                 // 别的进程还活着的那条**必须留下**。
 215 |                 if p.hasPrefix(mine) && !fm.fileExists(atPath: p) { continue }
 216 |                 if let kc, p == currentScratchPath { continue }  // 自己那条稍后重新插到最前
     |                        `- warning: immutable value 'kc' was never used; consider replacing with '_' or removing it [#no-usage]
 217 |                 _ = kc
 218 |             }

/private/tmp/llmq-handoff-mutant-20260907/Sources/LLMQuotaCore/ClusterNet.swift:262:15: warning: 'SecKeychainGetStatus' was deprecated in macOS 10.10: SecKeychain is deprecated [#DeprecatedDeclaration]
 260 |         guard let kc = scratch, let pw = scratchPassword else { return false }
 261 |         var st = SecKeychainStatus(0)
 262 |         guard SecKeychainGetStatus(kc, &st) == errSecSuccess else { return false }
     |               `- warning: 'SecKeychainGetStatus' was deprecated in macOS 10.10: SecKeychain is deprecated [#DeprecatedDeclaration]
 263 |         if st & SecKeychainStatus(kSecUnlockStateStatus) != 0 { return true }
 264 |         let r = pw.withCString { p in

/private/tmp/llmq-handoff-mutant-20260907/Sources/LLMQuotaCore/ClusterNet.swift:265:13: warning: 'SecKeychainUnlock' was deprecated in macOS 10.10: SecKeychain is deprecated [#DeprecatedDeclaration]
 263 |         if st & SecKeychainStatus(kSecUnlockStateStatus) != 0 { return true }
 264 |         let r = pw.withCString { p in
 265 |             SecKeychainUnlock(kc, UInt32(strlen(p)), p, true)
     |             `- warning: 'SecKeychainUnlock' was deprecated in macOS 10.10: SecKeychain is deprecated [#DeprecatedDeclaration]
 266 |         }
 267 |         return r == errSecSuccess

/private/tmp/llmq-handoff-mutant-20260907/Sources/LLMQuotaCore/ClusterNet.swift:279:13: warning: 'SecKeychainDelete' was deprecated in macOS 10.10: SecKeychain is deprecated [#DeprecatedDeclaration]
 277 |         // 反过来的话，重算时自己那个文件还在、会被当成「活的」留下，
 278 |         // 于是留下一条指向马上就要消失的文件的死条目。
 279 |         _ = SecKeychainDelete(kc)
     |             `- warning: 'SecKeychainDelete' was deprecated in macOS 10.10: SecKeychain is deprecated [#DeprecatedDeclaration]
 280 |         scratch = nil
 281 |         scratchPassword = nil

/private/tmp/llmq-handoff-mutant-20260907/Sources/LLMQuotaCore/ClusterNet.swift:387:19: warning: 'SecAccessCreate' was deprecated in macOS 10.10: SecKeychain is deprecated [#DeprecatedDeclaration]
 385 |         private static func anyAppAccess() -> SecAccess? {
 386 |             var access: SecAccess?
 387 |             guard SecAccessCreate("llmq 集群口令" as CFString, nil, &access) == errSecSuccess,
     |                   `- warning: 'SecAccessCreate' was deprecated in macOS 10.10: SecKeychain is deprecated [#DeprecatedDeclaration]
 388 |                   let access else { return nil }
 389 |             var list: CFArray?

/private/tmp/llmq-handoff-mutant-20260907/Sources/LLMQuotaCore/ClusterNet.swift:390:19: warning: 'SecAccessCopyACLList' was deprecated in macOS 10.10: SecKeychain is deprecated [#DeprecatedDeclaration]
 388 |                   let access else { return nil }
 389 |             var list: CFArray?
 390 |             guard SecAccessCopyACLList(access, &list) == errSecSuccess,
     |                   `- warning: 'SecAccessCopyACLList' was deprecated in macOS 10.10: SecKeychain is deprecated [#DeprecatedDeclaration]
 391 |                   let acls = list as? [SecACL] else { return access }
 392 |             for acl in acls {

/private/tmp/llmq-handoff-mutant-20260907/Sources/LLMQuotaCore/ClusterNet.swift:396:23: warning: 'SecACLCopyContents' was deprecated in macOS 10.10: SecKeychain is deprecated [#DeprecatedDeclaration]
 394 |                 var desc: CFString?
 395 |                 var prompt = SecKeychainPromptSelector()
 396 |                 guard SecACLCopyContents(acl, &apps, &desc, &prompt) == errSecSuccess
     |                       `- warning: 'SecACLCopyContents' was deprecated in macOS 10.10: SecKeychain is deprecated [#DeprecatedDeclaration]
 397 |                 else { continue }
 398 |                 _ = SecACLSetContents(acl, nil, desc ?? "" as CFString, prompt)

/private/tmp/llmq-handoff-mutant-20260907/Sources/LLMQuotaCore/ClusterNet.swift:398:21: warning: 'SecACLSetContents' was deprecated in macOS 10.10: SecKeychain is deprecated [#DeprecatedDeclaration]
 396 |                 guard SecACLCopyContents(acl, &apps, &desc, &prompt) == errSecSuccess
 397 |                 else { continue }
 398 |                 _ = SecACLSetContents(acl, nil, desc ?? "" as CFString, prompt)
     |                     `- warning: 'SecACLSetContents' was deprecated in macOS 10.10: SecKeychain is deprecated [#DeprecatedDeclaration]
 399 |             }
 400 |             return access

/private/tmp/llmq-handoff-mutant-20260907/Sources/LLMQuotaCore/ClusterNet.swift:432:13: warning: 'SecKeychainSetUserInteractionAllowed' was deprecated in macOS 10.10: SecKeychain is deprecated [#DeprecatedDeclaration]
 430 |             //
 431 |             // 验证过：加上之后 0.017 秒返回 errSecAuthFailed，不再挂。
 432 |             SecKeychainSetUserInteractionAllowed(false)
     |             `- warning: 'SecKeychainSetUserInteractionAllowed' was deprecated in macOS 10.10: SecKeychain is deprecated [#DeprecatedDeclaration]
 433 |             let q: [String: Any] = [
 434 |                 kSecClass as String: kSecClassGenericPassword,

/private/tmp/llmq-handoff-mutant-20260907/Sources/LLMQuotaCore/ClusterNet.swift:438:52: warning: 'kSecUseAuthenticationUIFail' was deprecated in macOS 11.0: Instead of kSecUseAuthenticationUI, use kSecUseAuthenticationContext and set LAContext.interactionNotAllowed property [#DeprecatedDeclaration]
 436 |                 kSecAttrAccount as String: node,
 437 |                 kSecReturnData as String: true,
 438 |                 kSecUseAuthenticationUI as String: kSecUseAuthenticationUIFail,
     |                                                    `- warning: 'kSecUseAuthenticationUIFail' was deprecated in macOS 11.0: Instead of kSecUseAuthenticationUI, use kSecUseAuthenticationContext and set LAContext.interactionNotAllowed property [#DeprecatedDeclaration]
 439 |             ]
 440 |             var out: CFTypeRef?

/private/tmp/llmq-handoff-mutant-20260907/Sources/LLMQuotaCore/ClusterNet.swift:487:13: warning: 'SecKeychainSetUserInteractionAllowed' was deprecated in macOS 10.10: SecKeychain is deprecated [#DeprecatedDeclaration]
 485 |         /// 我们要的是把**现有**口令原样搬过去。
 486 |         public static func rawLoad(node: String) -> String? {
 487 |             SecKeychainSetUserInteractionAllowed(false)
     |             `- warning: 'SecKeychainSetUserInteractionAllowed' was deprecated in macOS 10.10: SecKeychain is deprecated [#DeprecatedDeclaration]
 488 |             let q: [String: Any] = [
 489 |                 kSecClass as String: kSecClassGenericPassword,

/private/tmp/llmq-handoff-mutant-20260907/Sources/LLMQuotaCore/ClusterNet.swift:955:54: warning: forced cast of 'SecCertificate' to same type has no effect
 953 |             guard name == nil else { return }
 954 |             let ref = sec_certificate_copy_ref(cert).takeRetainedValue()
 955 |             name = TrustEvaluator.commonName(of: ref as! SecCertificate)
     |                                                      `- warning: forced cast of 'SecCertificate' to same type has no effect
 956 |         }
 957 |         return name

[#DeprecatedDeclaration]: <https://docs.swift.org/compiler/documentation/diagnostics/deprecated-declaration>
[98/136] Compiling LLMQuotaCore ClusterDispatchPlanner.swift
/private/tmp/llmq-handoff-mutant-20260907/Sources/LLMQuotaCore/ClusterNet.swift:141:13: warning: 'SecKeychainCreate' was deprecated in macOS 10.10: SecKeychain is deprecated [#DeprecatedDeclaration]
 139 |         var kc: SecKeychain?
 140 |         let st = pw.withCString { p in
 141 |             SecKeychainCreate(path, UInt32(strlen(p)), p, false, nil, &kc)
     |             `- warning: 'SecKeychainCreate' was deprecated in macOS 10.10: SecKeychain is deprecated [#DeprecatedDeclaration]
 142 |         }
 143 |         guard st == errSecSuccess, let kc else { return nil }

/private/tmp/llmq-handoff-mutant-20260907/Sources/LLMQuotaCore/ClusterNet.swift:152:13: warning: 'SecKeychainUnlock' was deprecated in macOS 10.10: SecKeychain is deprecated [#DeprecatedDeclaration]
 150 |         scratchPassword = pw
 151 |         _ = pw.withCString { p in
 152 |             SecKeychainUnlock(kc, UInt32(strlen(p)), p, true)
     |             `- warning: 'SecKeychainUnlock' was deprecated in macOS 10.10: SecKeychain is deprecated [#DeprecatedDeclaration]
 153 |         }
 154 |         // **到此为止，别再碰这个钥匙串的任何设置。**

/private/tmp/llmq-handoff-mutant-20260907/Sources/LLMQuotaCore/ClusterNet.swift:203:15: warning: 'SecKeychainCopySearchList' was deprecated in macOS 10.10: SecKeychain is deprecated [#DeprecatedDeclaration]
 201 |     private static func setSearchList(adding kc: SecKeychain?) {
 202 |         var list: CFArray?
 203 |         guard SecKeychainCopySearchList(&list) == errSecSuccess,
     |               `- warning: 'SecKeychainCopySearchList' was deprecated in macOS 10.10: SecKeychain is deprecated [#DeprecatedDeclaration]
 204 |               let arr = list as? [SecKeychain] else { return }
 205 |         let mine = scratchDir.appendingPathComponent("scratch-").path

/private/tmp/llmq-handoff-mutant-20260907/Sources/LLMQuotaCore/ClusterNet.swift:211:16: warning: 'SecKeychainGetPath' was deprecated in macOS 10.10: SecKeychain is deprecated [#DeprecatedDeclaration]
 209 |             var buf = [CChar](repeating: 0, count: 4096)
 210 |             var len = UInt32(buf.count)
 211 |             if SecKeychainGetPath(k, &len, &buf) == errSecSuccess {
     |                `- warning: 'SecKeychainGetPath' was deprecated in macOS 10.10: SecKeychain is deprecated [#DeprecatedDeclaration]
 212 |                 let p = String(cString: buf)
 213 |                 // 本工具的、而且文件已经没了 —— 这条是死的，剔掉。

/private/tmp/llmq-handoff-mutant-20260907/Sources/LLMQuotaCore/ClusterNet.swift:222:13: warning: 'SecKeychainSetSearchList' was deprecated in macOS 10.10: SecKeychain is deprecated [#DeprecatedDeclaration]
 220 |         }
 221 |         if let kc { kept.insert(kc, at: 0) }
 222 |         _ = SecKeychainSetSearchList(kept as CFArray)
     |             `- warning: 'SecKeychainSetSearchList' was deprecated in macOS 10.10: SecKeychain is deprecated [#DeprecatedDeclaration]
 223 |     }
 224 | 

/private/tmp/llmq-handoff-mutant-20260907/Sources/LLMQuotaCore/ClusterNet.swift:216:24: warning: immutable value 'kc' was never used; consider replacing with '_' or removing it [#no-usage]
 214 |                 // 别的进程还活着的那条**必须留下**。
 215 |                 if p.hasPrefix(mine) && !fm.fileExists(atPath: p) { continue }
 216 |                 if let kc, p == currentScratchPath { continue }  // 自己那条稍后重新插到最前
     |                        `- warning: immutable value 'kc' was never used; consider replacing with '_' or removing it [#no-usage]
 217 |                 _ = kc
 218 |             }

/private/tmp/llmq-handoff-mutant-20260907/Sources/LLMQuotaCore/ClusterNet.swift:262:15: warning: 'SecKeychainGetStatus' was deprecated in macOS 10.10: SecKeychain is deprecated [#DeprecatedDeclaration]
 260 |         guard let kc = scratch, let pw = scratchPassword else { return false }
 261 |         var st = SecKeychainStatus(0)
 262 |         guard SecKeychainGetStatus(kc, &st) == errSecSuccess else { return false }
     |               `- warning: 'SecKeychainGetStatus' was deprecated in macOS 10.10: SecKeychain is deprecated [#DeprecatedDeclaration]
 263 |         if st & SecKeychainStatus(kSecUnlockStateStatus) != 0 { return true }
 264 |         let r = pw.withCString { p in

/private/tmp/llmq-handoff-mutant-20260907/Sources/LLMQuotaCore/ClusterNet.swift:265:13: warning: 'SecKeychainUnlock' was deprecated in macOS 10.10: SecKeychain is deprecated [#DeprecatedDeclaration]
 263 |         if st & SecKeychainStatus(kSecUnlockStateStatus) != 0 { return true }
 264 |         let r = pw.withCString { p in
 265 |             SecKeychainUnlock(kc, UInt32(strlen(p)), p, true)
     |             `- warning: 'SecKeychainUnlock' was deprecated in macOS 10.10: SecKeychain is deprecated [#DeprecatedDeclaration]
 266 |         }
 267 |         return r == errSecSuccess

/private/tmp/llmq-handoff-mutant-20260907/Sources/LLMQuotaCore/ClusterNet.swift:279:13: warning: 'SecKeychainDelete' was deprecated in macOS 10.10: SecKeychain is deprecated [#DeprecatedDeclaration]
 277 |         // 反过来的话，重算时自己那个文件还在、会被当成「活的」留下，
 278 |         // 于是留下一条指向马上就要消失的文件的死条目。
 279 |         _ = SecKeychainDelete(kc)
     |             `- warning: 'SecKeychainDelete' was deprecated in macOS 10.10: SecKeychain is deprecated [#DeprecatedDeclaration]
 280 |         scratch = nil
 281 |         scratchPassword = nil

/private/tmp/llmq-handoff-mutant-20260907/Sources/LLMQuotaCore/ClusterNet.swift:387:19: warning: 'SecAccessCreate' was deprecated in macOS 10.10: SecKeychain is deprecated [#DeprecatedDeclaration]
 385 |         private static func anyAppAccess() -> SecAccess? {
 386 |             var access: SecAccess?
 387 |             guard SecAccessCreate("llmq 集群口令" as CFString, nil, &access) == errSecSuccess,
     |                   `- warning: 'SecAccessCreate' was deprecated in macOS 10.10: SecKeychain is deprecated [#DeprecatedDeclaration]
 388 |                   let access else { return nil }
 389 |             var list: CFArray?

/private/tmp/llmq-handoff-mutant-20260907/Sources/LLMQuotaCore/ClusterNet.swift:390:19: warning: 'SecAccessCopyACLList' was deprecated in macOS 10.10: SecKeychain is deprecated [#DeprecatedDeclaration]
 388 |                   let access else { return nil }
 389 |             var list: CFArray?
 390 |             guard SecAccessCopyACLList(access, &list) == errSecSuccess,
     |                   `- warning: 'SecAccessCopyACLList' was deprecated in macOS 10.10: SecKeychain is deprecated [#DeprecatedDeclaration]
 391 |                   let acls = list as? [SecACL] else { return access }
 392 |             for acl in acls {

/private/tmp/llmq-handoff-mutant-20260907/Sources/LLMQuotaCore/ClusterNet.swift:396:23: warning: 'SecACLCopyContents' was deprecated in macOS 10.10: SecKeychain is deprecated [#DeprecatedDeclaration]
 394 |                 var desc: CFString?
 395 |                 var prompt = SecKeychainPromptSelector()
 396 |                 guard SecACLCopyContents(acl, &apps, &desc, &prompt) == errSecSuccess
     |                       `- warning: 'SecACLCopyContents' was deprecated in macOS 10.10: SecKeychain is deprecated [#DeprecatedDeclaration]
 397 |                 else { continue }
 398 |                 _ = SecACLSetContents(acl, nil, desc ?? "" as CFString, prompt)

/private/tmp/llmq-handoff-mutant-20260907/Sources/LLMQuotaCore/ClusterNet.swift:398:21: warning: 'SecACLSetContents' was deprecated in macOS 10.10: SecKeychain is deprecated [#DeprecatedDeclaration]
 396 |                 guard SecACLCopyContents(acl, &apps, &desc, &prompt) == errSecSuccess
 397 |                 else { continue }
 398 |                 _ = SecACLSetContents(acl, nil, desc ?? "" as CFString, prompt)
     |                     `- warning: 'SecACLSetContents' was deprecated in macOS 10.10: SecKeychain is deprecated [#DeprecatedDeclaration]
 399 |             }
 400 |             return access

/private/tmp/llmq-handoff-mutant-20260907/Sources/LLMQuotaCore/ClusterNet.swift:432:13: warning: 'SecKeychainSetUserInteractionAllowed' was deprecated in macOS 10.10: SecKeychain is deprecated [#DeprecatedDeclaration]
 430 |             //
 431 |             // 验证过：加上之后 0.017 秒返回 errSecAuthFailed，不再挂。
 432 |             SecKeychainSetUserInteractionAllowed(false)
     |             `- warning: 'SecKeychainSetUserInteractionAllowed' was deprecated in macOS 10.10: SecKeychain is deprecated [#DeprecatedDeclaration]
 433 |             let q: [String: Any] = [
 434 |                 kSecClass as String: kSecClassGenericPassword,

/private/tmp/llmq-handoff-mutant-20260907/Sources/LLMQuotaCore/ClusterNet.swift:438:52: warning: 'kSecUseAuthenticationUIFail' was deprecated in macOS 11.0: Instead of kSecUseAuthenticationUI, use kSecUseAuthenticationContext and set LAContext.interactionNotAllowed property [#DeprecatedDeclaration]
 436 |                 kSecAttrAccount as String: node,
 437 |                 kSecReturnData as String: true,
 438 |                 kSecUseAuthenticationUI as String: kSecUseAuthenticationUIFail,
     |                                                    `- warning: 'kSecUseAuthenticationUIFail' was deprecated in macOS 11.0: Instead of kSecUseAuthenticationUI, use kSecUseAuthenticationContext and set LAContext.interactionNotAllowed property [#DeprecatedDeclaration]
 439 |             ]
 440 |             var out: CFTypeRef?

/private/tmp/llmq-handoff-mutant-20260907/Sources/LLMQuotaCore/ClusterNet.swift:487:13: warning: 'SecKeychainSetUserInteractionAllowed' was deprecated in macOS 10.10: SecKeychain is deprecated [#DeprecatedDeclaration]
 485 |         /// 我们要的是把**现有**口令原样搬过去。
 486 |         public static func rawLoad(node: String) -> String? {
 487 |             SecKeychainSetUserInteractionAllowed(false)
     |             `- warning: 'SecKeychainSetUserInteractionAllowed' was deprecated in macOS 10.10: SecKeychain is deprecated [#DeprecatedDeclaration]
 488 |             let q: [String: Any] = [
 489 |                 kSecClass as String: kSecClassGenericPassword,

/private/tmp/llmq-handoff-mutant-20260907/Sources/LLMQuotaCore/ClusterNet.swift:955:54: warning: forced cast of 'SecCertificate' to same type has no effect
 953 |             guard name == nil else { return }
 954 |             let ref = sec_certificate_copy_ref(cert).takeRetainedValue()
 955 |             name = TrustEvaluator.commonName(of: ref as! SecCertificate)
     |                                                      `- warning: forced cast of 'SecCertificate' to same type has no effect
 956 |         }
 957 |         return name

[#DeprecatedDeclaration]: <https://docs.swift.org/compiler/documentation/diagnostics/deprecated-declaration>
[99/136] Compiling LLMQuotaCore ClusterNet.swift
/private/tmp/llmq-handoff-mutant-20260907/Sources/LLMQuotaCore/ClusterNet.swift:141:13: warning: 'SecKeychainCreate' was deprecated in macOS 10.10: SecKeychain is deprecated [#DeprecatedDeclaration]
 139 |         var kc: SecKeychain?
 140 |         let st = pw.withCString { p in
 141 |             SecKeychainCreate(path, UInt32(strlen(p)), p, false, nil, &kc)
     |             `- warning: 'SecKeychainCreate' was deprecated in macOS 10.10: SecKeychain is deprecated [#DeprecatedDeclaration]
 142 |         }
 143 |         guard st == errSecSuccess, let kc else { return nil }

/private/tmp/llmq-handoff-mutant-20260907/Sources/LLMQuotaCore/ClusterNet.swift:152:13: warning: 'SecKeychainUnlock' was deprecated in macOS 10.10: SecKeychain is deprecated [#DeprecatedDeclaration]
 150 |         scratchPassword = pw
 151 |         _ = pw.withCString { p in
 152 |             SecKeychainUnlock(kc, UInt32(strlen(p)), p, true)
     |             `- warning: 'SecKeychainUnlock' was deprecated in macOS 10.10: SecKeychain is deprecated [#DeprecatedDeclaration]
 153 |         }
 154 |         // **到此为止，别再碰这个钥匙串的任何设置。**

/private/tmp/llmq-handoff-mutant-20260907/Sources/LLMQuotaCore/ClusterNet.swift:203:15: warning: 'SecKeychainCopySearchList' was deprecated in macOS 10.10: SecKeychain is deprecated [#DeprecatedDeclaration]
 201 |     private static func setSearchList(adding kc: SecKeychain?) {
 202 |         var list: CFArray?
 203 |         guard SecKeychainCopySearchList(&list) == errSecSuccess,
     |               `- warning: 'SecKeychainCopySearchList' was deprecated in macOS 10.10: SecKeychain is deprecated [#DeprecatedDeclaration]
 204 |               let arr = list as? [SecKeychain] else { return }
 205 |         let mine = scratchDir.appendingPathComponent("scratch-").path

/private/tmp/llmq-handoff-mutant-20260907/Sources/LLMQuotaCore/ClusterNet.swift:211:16: warning: 'SecKeychainGetPath' was deprecated in macOS 10.10: SecKeychain is deprecated [#DeprecatedDeclaration]
 209 |             var buf = [CChar](repeating: 0, count: 4096)
 210 |             var len = UInt32(buf.count)
 211 |             if SecKeychainGetPath(k, &len, &buf) == errSecSuccess {
     |                `- warning: 'SecKeychainGetPath' was deprecated in macOS 10.10: SecKeychain is deprecated [#DeprecatedDeclaration]
 212 |                 let p = String(cString: buf)
 213 |                 // 本工具的、而且文件已经没了 —— 这条是死的，剔掉。

/private/tmp/llmq-handoff-mutant-20260907/Sources/LLMQuotaCore/ClusterNet.swift:222:13: warning: 'SecKeychainSetSearchList' was deprecated in macOS 10.10: SecKeychain is deprecated [#DeprecatedDeclaration]
 220 |         }
 221 |         if let kc { kept.insert(kc, at: 0) }
 222 |         _ = SecKeychainSetSearchList(kept as CFArray)
     |             `- warning: 'SecKeychainSetSearchList' was deprecated in macOS 10.10: SecKeychain is deprecated [#DeprecatedDeclaration]
 223 |     }
 224 | 

/private/tmp/llmq-handoff-mutant-20260907/Sources/LLMQuotaCore/ClusterNet.swift:216:24: warning: immutable value 'kc' was never used; consider replacing with '_' or removing it [#no-usage]
 214 |                 // 别的进程还活着的那条**必须留下**。
 215 |                 if p.hasPrefix(mine) && !fm.fileExists(atPath: p) { continue }
 216 |                 if let kc, p == currentScratchPath { continue }  // 自己那条稍后重新插到最前
     |                        `- warning: immutable value 'kc' was never used; consider replacing with '_' or removing it [#no-usage]
 217 |                 _ = kc
 218 |             }

/private/tmp/llmq-handoff-mutant-20260907/Sources/LLMQuotaCore/ClusterNet.swift:262:15: warning: 'SecKeychainGetStatus' was deprecated in macOS 10.10: SecKeychain is deprecated [#DeprecatedDeclaration]
 260 |         guard let kc = scratch, let pw = scratchPassword else { return false }
 261 |         var st = SecKeychainStatus(0)
 262 |         guard SecKeychainGetStatus(kc, &st) == errSecSuccess else { return false }
     |               `- warning: 'SecKeychainGetStatus' was deprecated in macOS 10.10: SecKeychain is deprecated [#DeprecatedDeclaration]
 263 |         if st & SecKeychainStatus(kSecUnlockStateStatus) != 0 { return true }
 264 |         let r = pw.withCString { p in

/private/tmp/llmq-handoff-mutant-20260907/Sources/LLMQuotaCore/ClusterNet.swift:265:13: warning: 'SecKeychainUnlock' was deprecated in macOS 10.10: SecKeychain is deprecated [#DeprecatedDeclaration]
 263 |         if st & SecKeychainStatus(kSecUnlockStateStatus) != 0 { return true }
 264 |         let r = pw.withCString { p in
 265 |             SecKeychainUnlock(kc, UInt32(strlen(p)), p, true)
     |             `- warning: 'SecKeychainUnlock' was deprecated in macOS 10.10: SecKeychain is deprecated [#DeprecatedDeclaration]
 266 |         }
 267 |         return r == errSecSuccess

/private/tmp/llmq-handoff-mutant-20260907/Sources/LLMQuotaCore/ClusterNet.swift:279:13: warning: 'SecKeychainDelete' was deprecated in macOS 10.10: SecKeychain is deprecated [#DeprecatedDeclaration]
 277 |         // 反过来的话，重算时自己那个文件还在、会被当成「活的」留下，
 278 |         // 于是留下一条指向马上就要消失的文件的死条目。
 279 |         _ = SecKeychainDelete(kc)
     |             `- warning: 'SecKeychainDelete' was deprecated in macOS 10.10: SecKeychain is deprecated [#DeprecatedDeclaration]
 280 |         scratch = nil
 281 |         scratchPassword = nil

/private/tmp/llmq-handoff-mutant-20260907/Sources/LLMQuotaCore/ClusterNet.swift:387:19: warning: 'SecAccessCreate' was deprecated in macOS 10.10: SecKeychain is deprecated [#DeprecatedDeclaration]
 385 |         private static func anyAppAccess() -> SecAccess? {
 386 |             var access: SecAccess?
 387 |             guard SecAccessCreate("llmq 集群口令" as CFString, nil, &access) == errSecSuccess,
     |                   `- warning: 'SecAccessCreate' was deprecated in macOS 10.10: SecKeychain is deprecated [#DeprecatedDeclaration]
 388 |                   let access else { return nil }
 389 |             var list: CFArray?

/private/tmp/llmq-handoff-mutant-20260907/Sources/LLMQuotaCore/ClusterNet.swift:390:19: warning: 'SecAccessCopyACLList' was deprecated in macOS 10.10: SecKeychain is deprecated [#DeprecatedDeclaration]
 388 |                   let access else { return nil }
 389 |             var list: CFArray?
 390 |             guard SecAccessCopyACLList(access, &list) == errSecSuccess,
     |                   `- warning: 'SecAccessCopyACLList' was deprecated in macOS 10.10: SecKeychain is deprecated [#DeprecatedDeclaration]
 391 |                   let acls = list as? [SecACL] else { return access }
 392 |             for acl in acls {

/private/tmp/llmq-handoff-mutant-20260907/Sources/LLMQuotaCore/ClusterNet.swift:396:23: warning: 'SecACLCopyContents' was deprecated in macOS 10.10: SecKeychain is deprecated [#DeprecatedDeclaration]
 394 |                 var desc: CFString?
 395 |                 var prompt = SecKeychainPromptSelector()
 396 |                 guard SecACLCopyContents(acl, &apps, &desc, &prompt) == errSecSuccess
     |                       `- warning: 'SecACLCopyContents' was deprecated in macOS 10.10: SecKeychain is deprecated [#DeprecatedDeclaration]
 397 |                 else { continue }
 398 |                 _ = SecACLSetContents(acl, nil, desc ?? "" as CFString, prompt)

/private/tmp/llmq-handoff-mutant-20260907/Sources/LLMQuotaCore/ClusterNet.swift:398:21: warning: 'SecACLSetContents' was deprecated in macOS 10.10: SecKeychain is deprecated [#DeprecatedDeclaration]
 396 |                 guard SecACLCopyContents(acl, &apps, &desc, &prompt) == errSecSuccess
 397 |                 else { continue }
 398 |                 _ = SecACLSetContents(acl, nil, desc ?? "" as CFString, prompt)
     |                     `- warning: 'SecACLSetContents' was deprecated in macOS 10.10: SecKeychain is deprecated [#DeprecatedDeclaration]
 399 |             }
 400 |             return access

/private/tmp/llmq-handoff-mutant-20260907/Sources/LLMQuotaCore/ClusterNet.swift:432:13: warning: 'SecKeychainSetUserInteractionAllowed' was deprecated in macOS 10.10: SecKeychain is deprecated [#DeprecatedDeclaration]
 430 |             //
 431 |             // 验证过：加上之后 0.017 秒返回 errSecAuthFailed，不再挂。
 432 |             SecKeychainSetUserInteractionAllowed(false)
     |             `- warning: 'SecKeychainSetUserInteractionAllowed' was deprecated in macOS 10.10: SecKeychain is deprecated [#DeprecatedDeclaration]
 433 |             let q: [String: Any] = [
 434 |                 kSecClass as String: kSecClassGenericPassword,

/private/tmp/llmq-handoff-mutant-20260907/Sources/LLMQuotaCore/ClusterNet.swift:438:52: warning: 'kSecUseAuthenticationUIFail' was deprecated in macOS 11.0: Instead of kSecUseAuthenticationUI, use kSecUseAuthenticationContext and set LAContext.interactionNotAllowed property [#DeprecatedDeclaration]
 436 |                 kSecAttrAccount as String: node,
 437 |                 kSecReturnData as String: true,
 438 |                 kSecUseAuthenticationUI as String: kSecUseAuthenticationUIFail,
     |                                                    `- warning: 'kSecUseAuthenticationUIFail' was deprecated in macOS 11.0: Instead of kSecUseAuthenticationUI, use kSecUseAuthenticationContext and set LAContext.interactionNotAllowed property [#DeprecatedDeclaration]
 439 |             ]
 440 |             var out: CFTypeRef?

/private/tmp/llmq-handoff-mutant-20260907/Sources/LLMQuotaCore/ClusterNet.swift:487:13: warning: 'SecKeychainSetUserInteractionAllowed' was deprecated in macOS 10.10: SecKeychain is deprecated [#DeprecatedDeclaration]
 485 |         /// 我们要的是把**现有**口令原样搬过去。
 486 |         public static func rawLoad(node: String) -> String? {
 487 |             SecKeychainSetUserInteractionAllowed(false)
     |             `- warning: 'SecKeychainSetUserInteractionAllowed' was deprecated in macOS 10.10: SecKeychain is deprecated [#DeprecatedDeclaration]
 488 |             let q: [String: Any] = [
 489 |                 kSecClass as String: kSecClassGenericPassword,

/private/tmp/llmq-handoff-mutant-20260907/Sources/LLMQuotaCore/ClusterNet.swift:955:54: warning: forced cast of 'SecCertificate' to same type has no effect
 953 |             guard name == nil else { return }
 954 |             let ref = sec_certificate_copy_ref(cert).takeRetainedValue()
 955 |             name = TrustEvaluator.commonName(of: ref as! SecCertificate)
     |                                                      `- warning: forced cast of 'SecCertificate' to same type has no effect
 956 |         }
 957 |         return name

[#DeprecatedDeclaration]: <https://docs.swift.org/compiler/documentation/diagnostics/deprecated-declaration>
[100/136] Compiling LLMQuotaCore ClusterPresence.swift
/private/tmp/llmq-handoff-mutant-20260907/Sources/LLMQuotaCore/ClusterNet.swift:141:13: warning: 'SecKeychainCreate' was deprecated in macOS 10.10: SecKeychain is deprecated [#DeprecatedDeclaration]
 139 |         var kc: SecKeychain?
 140 |         let st = pw.withCString { p in
 141 |             SecKeychainCreate(path, UInt32(strlen(p)), p, false, nil, &kc)
     |             `- warning: 'SecKeychainCreate' was deprecated in macOS 10.10: SecKeychain is deprecated [#DeprecatedDeclaration]
 142 |         }
 143 |         guard st == errSecSuccess, let kc else { return nil }

/private/tmp/llmq-handoff-mutant-20260907/Sources/LLMQuotaCore/ClusterNet.swift:152:13: warning: 'SecKeychainUnlock' was deprecated in macOS 10.10: SecKeychain is deprecated [#DeprecatedDeclaration]
 150 |         scratchPassword = pw
 151 |         _ = pw.withCString { p in
 152 |             SecKeychainUnlock(kc, UInt32(strlen(p)), p, true)
     |             `- warning: 'SecKeychainUnlock' was deprecated in macOS 10.10: SecKeychain is deprecated [#DeprecatedDeclaration]
 153 |         }
 154 |         // **到此为止，别再碰这个钥匙串的任何设置。**

/private/tmp/llmq-handoff-mutant-20260907/Sources/LLMQuotaCore/ClusterNet.swift:203:15: warning: 'SecKeychainCopySearchList' was deprecated in macOS 10.10: SecKeychain is deprecated [#DeprecatedDeclaration]
 201 |     private static func setSearchList(adding kc: SecKeychain?) {
 202 |         var list: CFArray?
 203 |         guard SecKeychainCopySearchList(&list) == errSecSuccess,
     |               `- warning: 'SecKeychainCopySearchList' was deprecated in macOS 10.10: SecKeychain is deprecated [#DeprecatedDeclaration]
 204 |               let arr = list as? [SecKeychain] else { return }
 205 |         let mine = scratchDir.appendingPathComponent("scratch-").path

/private/tmp/llmq-handoff-mutant-20260907/Sources/LLMQuotaCore/ClusterNet.swift:211:16: warning: 'SecKeychainGetPath' was deprecated in macOS 10.10: SecKeychain is deprecated [#DeprecatedDeclaration]
 209 |             var buf = [CChar](repeating: 0, count: 4096)
 210 |             var len = UInt32(buf.count)
 211 |             if SecKeychainGetPath(k, &len, &buf) == errSecSuccess {
     |                `- warning: 'SecKeychainGetPath' was deprecated in macOS 10.10: SecKeychain is deprecated [#DeprecatedDeclaration]
 212 |                 let p = String(cString: buf)
 213 |                 // 本工具的、而且文件已经没了 —— 这条是死的，剔掉。

/private/tmp/llmq-handoff-mutant-20260907/Sources/LLMQuotaCore/ClusterNet.swift:222:13: warning: 'SecKeychainSetSearchList' was deprecated in macOS 10.10: SecKeychain is deprecated [#DeprecatedDeclaration]
 220 |         }
 221 |         if let kc { kept.insert(kc, at: 0) }
 222 |         _ = SecKeychainSetSearchList(kept as CFArray)
     |             `- warning: 'SecKeychainSetSearchList' was deprecated in macOS 10.10: SecKeychain is deprecated [#DeprecatedDeclaration]
 223 |     }
 224 | 

/private/tmp/llmq-handoff-mutant-20260907/Sources/LLMQuotaCore/ClusterNet.swift:216:24: warning: immutable value 'kc' was never used; consider replacing with '_' or removing it [#no-usage]
 214 |                 // 别的进程还活着的那条**必须留下**。
 215 |                 if p.hasPrefix(mine) && !fm.fileExists(atPath: p) { continue }
 216 |                 if let kc, p == currentScratchPath { continue }  // 自己那条稍后重新插到最前
     |                        `- warning: immutable value 'kc' was never used; consider replacing with '_' or removing it [#no-usage]
 217 |                 _ = kc
 218 |             }

/private/tmp/llmq-handoff-mutant-20260907/Sources/LLMQuotaCore/ClusterNet.swift:262:15: warning: 'SecKeychainGetStatus' was deprecated in macOS 10.10: SecKeychain is deprecated [#DeprecatedDeclaration]
 260 |         guard let kc = scratch, let pw = scratchPassword else { return false }
 261 |         var st = SecKeychainStatus(0)
 262 |         guard SecKeychainGetStatus(kc, &st) == errSecSuccess else { return false }
     |               `- warning: 'SecKeychainGetStatus' was deprecated in macOS 10.10: SecKeychain is deprecated [#DeprecatedDeclaration]
 263 |         if st & SecKeychainStatus(kSecUnlockStateStatus) != 0 { return true }
 264 |         let r = pw.withCString { p in

/private/tmp/llmq-handoff-mutant-20260907/Sources/LLMQuotaCore/ClusterNet.swift:265:13: warning: 'SecKeychainUnlock' was deprecated in macOS 10.10: SecKeychain is deprecated [#DeprecatedDeclaration]
 263 |         if st & SecKeychainStatus(kSecUnlockStateStatus) != 0 { return true }
 264 |         let r = pw.withCString { p in
 265 |             SecKeychainUnlock(kc, UInt32(strlen(p)), p, true)
     |             `- warning: 'SecKeychainUnlock' was deprecated in macOS 10.10: SecKeychain is deprecated [#DeprecatedDeclaration]
 266 |         }
 267 |         return r == errSecSuccess

/private/tmp/llmq-handoff-mutant-20260907/Sources/LLMQuotaCore/ClusterNet.swift:279:13: warning: 'SecKeychainDelete' was deprecated in macOS 10.10: SecKeychain is deprecated [#DeprecatedDeclaration]
 277 |         // 反过来的话，重算时自己那个文件还在、会被当成「活的」留下，
 278 |         // 于是留下一条指向马上就要消失的文件的死条目。
 279 |         _ = SecKeychainDelete(kc)
     |             `- warning: 'SecKeychainDelete' was deprecated in macOS 10.10: SecKeychain is deprecated [#DeprecatedDeclaration]
 280 |         scratch = nil
 281 |         scratchPassword = nil

/private/tmp/llmq-handoff-mutant-20260907/Sources/LLMQuotaCore/ClusterNet.swift:387:19: warning: 'SecAccessCreate' was deprecated in macOS 10.10: SecKeychain is deprecated [#DeprecatedDeclaration]
 385 |         private static func anyAppAccess() -> SecAccess? {
 386 |             var access: SecAccess?
 387 |             guard SecAccessCreate("llmq 集群口令" as CFString, nil, &access) == errSecSuccess,
     |                   `- warning: 'SecAccessCreate' was deprecated in macOS 10.10: SecKeychain is deprecated [#DeprecatedDeclaration]
 388 |                   let access else { return nil }
 389 |             var list: CFArray?

/private/tmp/llmq-handoff-mutant-20260907/Sources/LLMQuotaCore/ClusterNet.swift:390:19: warning: 'SecAccessCopyACLList' was deprecated in macOS 10.10: SecKeychain is deprecated [#DeprecatedDeclaration]
 388 |                   let access else { return nil }
 389 |             var list: CFArray?
 390 |             guard SecAccessCopyACLList(access, &list) == errSecSuccess,
     |                   `- warning: 'SecAccessCopyACLList' was deprecated in macOS 10.10: SecKeychain is deprecated [#DeprecatedDeclaration]
 391 |                   let acls = list as? [SecACL] else { return access }
 392 |             for acl in acls {

/private/tmp/llmq-handoff-mutant-20260907/Sources/LLMQuotaCore/ClusterNet.swift:396:23: warning: 'SecACLCopyContents' was deprecated in macOS 10.10: SecKeychain is deprecated [#DeprecatedDeclaration]
 394 |                 var desc: CFString?
 395 |                 var prompt = SecKeychainPromptSelector()
 396 |                 guard SecACLCopyContents(acl, &apps, &desc, &prompt) == errSecSuccess
     |                       `- warning: 'SecACLCopyContents' was deprecated in macOS 10.10: SecKeychain is deprecated [#DeprecatedDeclaration]
 397 |                 else { continue }
 398 |                 _ = SecACLSetContents(acl, nil, desc ?? "" as CFString, prompt)

/private/tmp/llmq-handoff-mutant-20260907/Sources/LLMQuotaCore/ClusterNet.swift:398:21: warning: 'SecACLSetContents' was deprecated in macOS 10.10: SecKeychain is deprecated [#DeprecatedDeclaration]
 396 |                 guard SecACLCopyContents(acl, &apps, &desc, &prompt) == errSecSuccess
 397 |                 else { continue }
 398 |                 _ = SecACLSetContents(acl, nil, desc ?? "" as CFString, prompt)
     |                     `- warning: 'SecACLSetContents' was deprecated in macOS 10.10: SecKeychain is deprecated [#DeprecatedDeclaration]
 399 |             }
 400 |             return access

/private/tmp/llmq-handoff-mutant-20260907/Sources/LLMQuotaCore/ClusterNet.swift:432:13: warning: 'SecKeychainSetUserInteractionAllowed' was deprecated in macOS 10.10: SecKeychain is deprecated [#DeprecatedDeclaration]
 430 |             //
 431 |             // 验证过：加上之后 0.017 秒返回 errSecAuthFailed，不再挂。
 432 |             SecKeychainSetUserInteractionAllowed(false)
     |             `- warning: 'SecKeychainSetUserInteractionAllowed' was deprecated in macOS 10.10: SecKeychain is deprecated [#DeprecatedDeclaration]
 433 |             let q: [String: Any] = [
 434 |                 kSecClass as String: kSecClassGenericPassword,

/private/tmp/llmq-handoff-mutant-20260907/Sources/LLMQuotaCore/ClusterNet.swift:438:52: warning: 'kSecUseAuthenticationUIFail' was deprecated in macOS 11.0: Instead of kSecUseAuthenticationUI, use kSecUseAuthenticationContext and set LAContext.interactionNotAllowed property [#DeprecatedDeclaration]
 436 |                 kSecAttrAccount as String: node,
 437 |                 kSecReturnData as String: true,
 438 |                 kSecUseAuthenticationUI as String: kSecUseAuthenticationUIFail,
     |                                                    `- warning: 'kSecUseAuthenticationUIFail' was deprecated in macOS 11.0: Instead of kSecUseAuthenticationUI, use kSecUseAuthenticationContext and set LAContext.interactionNotAllowed property [#DeprecatedDeclaration]
 439 |             ]
 440 |             var out: CFTypeRef?

/private/tmp/llmq-handoff-mutant-20260907/Sources/LLMQuotaCore/ClusterNet.swift:487:13: warning: 'SecKeychainSetUserInteractionAllowed' was deprecated in macOS 10.10: SecKeychain is deprecated [#DeprecatedDeclaration]
 485 |         /// 我们要的是把**现有**口令原样搬过去。
 486 |         public static func rawLoad(node: String) -> String? {
 487 |             SecKeychainSetUserInteractionAllowed(false)
     |             `- warning: 'SecKeychainSetUserInteractionAllowed' was deprecated in macOS 10.10: SecKeychain is deprecated [#DeprecatedDeclaration]
 488 |             let q: [String: Any] = [
 489 |                 kSecClass as String: kSecClassGenericPassword,

/private/tmp/llmq-handoff-mutant-20260907/Sources/LLMQuotaCore/ClusterNet.swift:955:54: warning: forced cast of 'SecCertificate' to same type has no effect
 953 |             guard name == nil else { return }
 954 |             let ref = sec_certificate_copy_ref(cert).takeRetainedValue()
 955 |             name = TrustEvaluator.commonName(of: ref as! SecCertificate)
     |                                                      `- warning: forced cast of 'SecCertificate' to same type has no effect
 956 |         }
 957 |         return name

[#DeprecatedDeclaration]: <https://docs.swift.org/compiler/documentation/diagnostics/deprecated-declaration>
[101/136] Compiling LLMQuotaCore ClusterProtocol.swift
/private/tmp/llmq-handoff-mutant-20260907/Sources/LLMQuotaCore/ClusterNet.swift:141:13: warning: 'SecKeychainCreate' was deprecated in macOS 10.10: SecKeychain is deprecated [#DeprecatedDeclaration]
 139 |         var kc: SecKeychain?
 140 |         let st = pw.withCString { p in
 141 |             SecKeychainCreate(path, UInt32(strlen(p)), p, false, nil, &kc)
     |             `- warning: 'SecKeychainCreate' was deprecated in macOS 10.10: SecKeychain is deprecated [#DeprecatedDeclaration]
 142 |         }
 143 |         guard st == errSecSuccess, let kc else { return nil }

/private/tmp/llmq-handoff-mutant-20260907/Sources/LLMQuotaCore/ClusterNet.swift:152:13: warning: 'SecKeychainUnlock' was deprecated in macOS 10.10: SecKeychain is deprecated [#DeprecatedDeclaration]
 150 |         scratchPassword = pw
 151 |         _ = pw.withCString { p in
 152 |             SecKeychainUnlock(kc, UInt32(strlen(p)), p, true)
     |             `- warning: 'SecKeychainUnlock' was deprecated in macOS 10.10: SecKeychain is deprecated [#DeprecatedDeclaration]
 153 |         }
 154 |         // **到此为止，别再碰这个钥匙串的任何设置。**

/private/tmp/llmq-handoff-mutant-20260907/Sources/LLMQuotaCore/ClusterNet.swift:203:15: warning: 'SecKeychainCopySearchList' was deprecated in macOS 10.10: SecKeychain is deprecated [#DeprecatedDeclaration]
 201 |     private static func setSearchList(adding kc: SecKeychain?) {
 202 |         var list: CFArray?
 203 |         guard SecKeychainCopySearchList(&list) == errSecSuccess,
     |               `- warning: 'SecKeychainCopySearchList' was deprecated in macOS 10.10: SecKeychain is deprecated [#DeprecatedDeclaration]
 204 |               let arr = list as? [SecKeychain] else { return }
 205 |         let mine = scratchDir.appendingPathComponent("scratch-").path

/private/tmp/llmq-handoff-mutant-20260907/Sources/LLMQuotaCore/ClusterNet.swift:211:16: warning: 'SecKeychainGetPath' was deprecated in macOS 10.10: SecKeychain is deprecated [#DeprecatedDeclaration]
 209 |             var buf = [CChar](repeating: 0, count: 4096)
 210 |             var len = UInt32(buf.count)
 211 |             if SecKeychainGetPath(k, &len, &buf) == errSecSuccess {
     |                `- warning: 'SecKeychainGetPath' was deprecated in macOS 10.10: SecKeychain is deprecated [#DeprecatedDeclaration]
 212 |                 let p = String(cString: buf)
 213 |                 // 本工具的、而且文件已经没了 —— 这条是死的，剔掉。

/private/tmp/llmq-handoff-mutant-20260907/Sources/LLMQuotaCore/ClusterNet.swift:222:13: warning: 'SecKeychainSetSearchList' was deprecated in macOS 10.10: SecKeychain is deprecated [#DeprecatedDeclaration]
 220 |         }
 221 |         if let kc { kept.insert(kc, at: 0) }
 222 |         _ = SecKeychainSetSearchList(kept as CFArray)
     |             `- warning: 'SecKeychainSetSearchList' was deprecated in macOS 10.10: SecKeychain is deprecated [#DeprecatedDeclaration]
 223 |     }
 224 | 

/private/tmp/llmq-handoff-mutant-20260907/Sources/LLMQuotaCore/ClusterNet.swift:216:24: warning: immutable value 'kc' was never used; consider replacing with '_' or removing it [#no-usage]
 214 |                 // 别的进程还活着的那条**必须留下**。
 215 |                 if p.hasPrefix(mine) && !fm.fileExists(atPath: p) { continue }
 216 |                 if let kc, p == currentScratchPath { continue }  // 自己那条稍后重新插到最前
     |                        `- warning: immutable value 'kc' was never used; consider replacing with '_' or removing it [#no-usage]
 217 |                 _ = kc
 218 |             }

/private/tmp/llmq-handoff-mutant-20260907/Sources/LLMQuotaCore/ClusterNet.swift:262:15: warning: 'SecKeychainGetStatus' was deprecated in macOS 10.10: SecKeychain is deprecated [#DeprecatedDeclaration]
 260 |         guard let kc = scratch, let pw = scratchPassword else { return false }
 261 |         var st = SecKeychainStatus(0)
 262 |         guard SecKeychainGetStatus(kc, &st) == errSecSuccess else { return false }
     |               `- warning: 'SecKeychainGetStatus' was deprecated in macOS 10.10: SecKeychain is deprecated [#DeprecatedDeclaration]
 263 |         if st & SecKeychainStatus(kSecUnlockStateStatus) != 0 { return true }
 264 |         let r = pw.withCString { p in

/private/tmp/llmq-handoff-mutant-20260907/Sources/LLMQuotaCore/ClusterNet.swift:265:13: warning: 'SecKeychainUnlock' was deprecated in macOS 10.10: SecKeychain is deprecated [#DeprecatedDeclaration]
 263 |         if st & SecKeychainStatus(kSecUnlockStateStatus) != 0 { return true }
 264 |         let r = pw.withCString { p in
 265 |             SecKeychainUnlock(kc, UInt32(strlen(p)), p, true)
     |             `- warning: 'SecKeychainUnlock' was deprecated in macOS 10.10: SecKeychain is deprecated [#DeprecatedDeclaration]
 266 |         }
 267 |         return r == errSecSuccess

/private/tmp/llmq-handoff-mutant-20260907/Sources/LLMQuotaCore/ClusterNet.swift:279:13: warning: 'SecKeychainDelete' was deprecated in macOS 10.10: SecKeychain is deprecated [#DeprecatedDeclaration]
 277 |         // 反过来的话，重算时自己那个文件还在、会被当成「活的」留下，
 278 |         // 于是留下一条指向马上就要消失的文件的死条目。
 279 |         _ = SecKeychainDelete(kc)
     |             `- warning: 'SecKeychainDelete' was deprecated in macOS 10.10: SecKeychain is deprecated [#DeprecatedDeclaration]
 280 |         scratch = nil
 281 |         scratchPassword = nil

/private/tmp/llmq-handoff-mutant-20260907/Sources/LLMQuotaCore/ClusterNet.swift:387:19: warning: 'SecAccessCreate' was deprecated in macOS 10.10: SecKeychain is deprecated [#DeprecatedDeclaration]
 385 |         private static func anyAppAccess() -> SecAccess? {
 386 |             var access: SecAccess?
 387 |             guard SecAccessCreate("llmq 集群口令" as CFString, nil, &access) == errSecSuccess,
     |                   `- warning: 'SecAccessCreate' was deprecated in macOS 10.10: SecKeychain is deprecated [#DeprecatedDeclaration]
 388 |                   let access else { return nil }
 389 |             var list: CFArray?

/private/tmp/llmq-handoff-mutant-20260907/Sources/LLMQuotaCore/ClusterNet.swift:390:19: warning: 'SecAccessCopyACLList' was deprecated in macOS 10.10: SecKeychain is deprecated [#DeprecatedDeclaration]
 388 |                   let access else { return nil }
 389 |             var list: CFArray?
 390 |             guard SecAccessCopyACLList(access, &list) == errSecSuccess,
     |                   `- warning: 'SecAccessCopyACLList' was deprecated in macOS 10.10: SecKeychain is deprecated [#DeprecatedDeclaration]
 391 |                   let acls = list as? [SecACL] else { return access }
 392 |             for acl in acls {

/private/tmp/llmq-handoff-mutant-20260907/Sources/LLMQuotaCore/ClusterNet.swift:396:23: warning: 'SecACLCopyContents' was deprecated in macOS 10.10: SecKeychain is deprecated [#DeprecatedDeclaration]
 394 |                 var desc: CFString?
 395 |                 var prompt = SecKeychainPromptSelector()
 396 |                 guard SecACLCopyContents(acl, &apps, &desc, &prompt) == errSecSuccess
     |                       `- warning: 'SecACLCopyContents' was deprecated in macOS 10.10: SecKeychain is deprecated [#DeprecatedDeclaration]
 397 |                 else { continue }
 398 |                 _ = SecACLSetContents(acl, nil, desc ?? "" as CFString, prompt)

/private/tmp/llmq-handoff-mutant-20260907/Sources/LLMQuotaCore/ClusterNet.swift:398:21: warning: 'SecACLSetContents' was deprecated in macOS 10.10: SecKeychain is deprecated [#DeprecatedDeclaration]
 396 |                 guard SecACLCopyContents(acl, &apps, &desc, &prompt) == errSecSuccess
 397 |                 else { continue }
 398 |                 _ = SecACLSetContents(acl, nil, desc ?? "" as CFString, prompt)
     |                     `- warning: 'SecACLSetContents' was deprecated in macOS 10.10: SecKeychain is deprecated [#DeprecatedDeclaration]
 399 |             }
 400 |             return access

/private/tmp/llmq-handoff-mutant-20260907/Sources/LLMQuotaCore/ClusterNet.swift:432:13: warning: 'SecKeychainSetUserInteractionAllowed' was deprecated in macOS 10.10: SecKeychain is deprecated [#DeprecatedDeclaration]
 430 |             //
 431 |             // 验证过：加上之后 0.017 秒返回 errSecAuthFailed，不再挂。
 432 |             SecKeychainSetUserInteractionAllowed(false)
     |             `- warning: 'SecKeychainSetUserInteractionAllowed' was deprecated in macOS 10.10: SecKeychain is deprecated [#DeprecatedDeclaration]
 433 |             let q: [String: Any] = [
 434 |                 kSecClass as String: kSecClassGenericPassword,

/private/tmp/llmq-handoff-mutant-20260907/Sources/LLMQuotaCore/ClusterNet.swift:438:52: warning: 'kSecUseAuthenticationUIFail' was deprecated in macOS 11.0: Instead of kSecUseAuthenticationUI, use kSecUseAuthenticationContext and set LAContext.interactionNotAllowed property [#DeprecatedDeclaration]
 436 |                 kSecAttrAccount as String: node,
 437 |                 kSecReturnData as String: true,
 438 |                 kSecUseAuthenticationUI as String: kSecUseAuthenticationUIFail,
     |                                                    `- warning: 'kSecUseAuthenticationUIFail' was deprecated in macOS 11.0: Instead of kSecUseAuthenticationUI, use kSecUseAuthenticationContext and set LAContext.interactionNotAllowed property [#DeprecatedDeclaration]
 439 |             ]
 440 |             var out: CFTypeRef?

/private/tmp/llmq-handoff-mutant-20260907/Sources/LLMQuotaCore/ClusterNet.swift:487:13: warning: 'SecKeychainSetUserInteractionAllowed' was deprecated in macOS 10.10: SecKeychain is deprecated [#DeprecatedDeclaration]
 485 |         /// 我们要的是把**现有**口令原样搬过去。
 486 |         public static func rawLoad(node: String) -> String? {
 487 |             SecKeychainSetUserInteractionAllowed(false)
     |             `- warning: 'SecKeychainSetUserInteractionAllowed' was deprecated in macOS 10.10: SecKeychain is deprecated [#DeprecatedDeclaration]
 488 |             let q: [String: Any] = [
 489 |                 kSecClass as String: kSecClassGenericPassword,

/private/tmp/llmq-handoff-mutant-20260907/Sources/LLMQuotaCore/ClusterNet.swift:955:54: warning: forced cast of 'SecCertificate' to same type has no effect
 953 |             guard name == nil else { return }
 954 |             let ref = sec_certificate_copy_ref(cert).takeRetainedValue()
 955 |             name = TrustEvaluator.commonName(of: ref as! SecCertificate)
     |                                                      `- warning: forced cast of 'SecCertificate' to same type has no effect
 956 |         }
 957 |         return name

[#DeprecatedDeclaration]: <https://docs.swift.org/compiler/documentation/diagnostics/deprecated-declaration>
[102/136] Compiling LLMQuotaCore CodeSigning.swift
/private/tmp/llmq-handoff-mutant-20260907/Sources/LLMQuotaCore/ClusterNet.swift:141:13: warning: 'SecKeychainCreate' was deprecated in macOS 10.10: SecKeychain is deprecated [#DeprecatedDeclaration]
 139 |         var kc: SecKeychain?
 140 |         let st = pw.withCString { p in
 141 |             SecKeychainCreate(path, UInt32(strlen(p)), p, false, nil, &kc)
     |             `- warning: 'SecKeychainCreate' was deprecated in macOS 10.10: SecKeychain is deprecated [#DeprecatedDeclaration]
 142 |         }
 143 |         guard st == errSecSuccess, let kc else { return nil }

/private/tmp/llmq-handoff-mutant-20260907/Sources/LLMQuotaCore/ClusterNet.swift:152:13: warning: 'SecKeychainUnlock' was deprecated in macOS 10.10: SecKeychain is deprecated [#DeprecatedDeclaration]
 150 |         scratchPassword = pw
 151 |         _ = pw.withCString { p in
 152 |             SecKeychainUnlock(kc, UInt32(strlen(p)), p, true)
     |             `- warning: 'SecKeychainUnlock' was deprecated in macOS 10.10: SecKeychain is deprecated [#DeprecatedDeclaration]
 153 |         }
 154 |         // **到此为止，别再碰这个钥匙串的任何设置。**

/private/tmp/llmq-handoff-mutant-20260907/Sources/LLMQuotaCore/ClusterNet.swift:203:15: warning: 'SecKeychainCopySearchList' was deprecated in macOS 10.10: SecKeychain is deprecated [#DeprecatedDeclaration]
 201 |     private static func setSearchList(adding kc: SecKeychain?) {
 202 |         var list: CFArray?
 203 |         guard SecKeychainCopySearchList(&list) == errSecSuccess,
     |               `- warning: 'SecKeychainCopySearchList' was deprecated in macOS 10.10: SecKeychain is deprecated [#DeprecatedDeclaration]
 204 |               let arr = list as? [SecKeychain] else { return }
 205 |         let mine = scratchDir.appendingPathComponent("scratch-").path

/private/tmp/llmq-handoff-mutant-20260907/Sources/LLMQuotaCore/ClusterNet.swift:211:16: warning: 'SecKeychainGetPath' was deprecated in macOS 10.10: SecKeychain is deprecated [#DeprecatedDeclaration]
 209 |             var buf = [CChar](repeating: 0, count: 4096)
 210 |             var len = UInt32(buf.count)
 211 |             if SecKeychainGetPath(k, &len, &buf) == errSecSuccess {
     |                `- warning: 'SecKeychainGetPath' was deprecated in macOS 10.10: SecKeychain is deprecated [#DeprecatedDeclaration]
 212 |                 let p = String(cString: buf)
 213 |                 // 本工具的、而且文件已经没了 —— 这条是死的，剔掉。

/private/tmp/llmq-handoff-mutant-20260907/Sources/LLMQuotaCore/ClusterNet.swift:222:13: warning: 'SecKeychainSetSearchList' was deprecated in macOS 10.10: SecKeychain is deprecated [#DeprecatedDeclaration]
 220 |         }
 221 |         if let kc { kept.insert(kc, at: 0) }
 222 |         _ = SecKeychainSetSearchList(kept as CFArray)
     |             `- warning: 'SecKeychainSetSearchList' was deprecated in macOS 10.10: SecKeychain is deprecated [#DeprecatedDeclaration]
 223 |     }
 224 | 

/private/tmp/llmq-handoff-mutant-20260907/Sources/LLMQuotaCore/ClusterNet.swift:216:24: warning: immutable value 'kc' was never used; consider replacing with '_' or removing it [#no-usage]
 214 |                 // 别的进程还活着的那条**必须留下**。
 215 |                 if p.hasPrefix(mine) && !fm.fileExists(atPath: p) { continue }
 216 |                 if let kc, p == currentScratchPath { continue }  // 自己那条稍后重新插到最前
     |                        `- warning: immutable value 'kc' was never used; consider replacing with '_' or removing it [#no-usage]
 217 |                 _ = kc
 218 |             }

/private/tmp/llmq-handoff-mutant-20260907/Sources/LLMQuotaCore/ClusterNet.swift:262:15: warning: 'SecKeychainGetStatus' was deprecated in macOS 10.10: SecKeychain is deprecated [#DeprecatedDeclaration]
 260 |         guard let kc = scratch, let pw = scratchPassword else { return false }
 261 |         var st = SecKeychainStatus(0)
 262 |         guard SecKeychainGetStatus(kc, &st) == errSecSuccess else { return false }
     |               `- warning: 'SecKeychainGetStatus' was deprecated in macOS 10.10: SecKeychain is deprecated [#DeprecatedDeclaration]
 263 |         if st & SecKeychainStatus(kSecUnlockStateStatus) != 0 { return true }
 264 |         let r = pw.withCString { p in

/private/tmp/llmq-handoff-mutant-20260907/Sources/LLMQuotaCore/ClusterNet.swift:265:13: warning: 'SecKeychainUnlock' was deprecated in macOS 10.10: SecKeychain is deprecated [#DeprecatedDeclaration]
 263 |         if st & SecKeychainStatus(kSecUnlockStateStatus) != 0 { return true }
 264 |         let r = pw.withCString { p in
 265 |             SecKeychainUnlock(kc, UInt32(strlen(p)), p, true)
     |             `- warning: 'SecKeychainUnlock' was deprecated in macOS 10.10: SecKeychain is deprecated [#DeprecatedDeclaration]
 266 |         }
 267 |         return r == errSecSuccess

/private/tmp/llmq-handoff-mutant-20260907/Sources/LLMQuotaCore/ClusterNet.swift:279:13: warning: 'SecKeychainDelete' was deprecated in macOS 10.10: SecKeychain is deprecated [#DeprecatedDeclaration]
 277 |         // 反过来的话，重算时自己那个文件还在、会被当成「活的」留下，
 278 |         // 于是留下一条指向马上就要消失的文件的死条目。
 279 |         _ = SecKeychainDelete(kc)
     |             `- warning: 'SecKeychainDelete' was deprecated in macOS 10.10: SecKeychain is deprecated [#DeprecatedDeclaration]
 280 |         scratch = nil
 281 |         scratchPassword = nil

/private/tmp/llmq-handoff-mutant-20260907/Sources/LLMQuotaCore/ClusterNet.swift:387:19: warning: 'SecAccessCreate' was deprecated in macOS 10.10: SecKeychain is deprecated [#DeprecatedDeclaration]
 385 |         private static func anyAppAccess() -> SecAccess? {
 386 |             var access: SecAccess?
 387 |             guard SecAccessCreate("llmq 集群口令" as CFString, nil, &access) == errSecSuccess,
     |                   `- warning: 'SecAccessCreate' was deprecated in macOS 10.10: SecKeychain is deprecated [#DeprecatedDeclaration]
 388 |                   let access else { return nil }
 389 |             var list: CFArray?

/private/tmp/llmq-handoff-mutant-20260907/Sources/LLMQuotaCore/ClusterNet.swift:390:19: warning: 'SecAccessCopyACLList' was deprecated in macOS 10.10: SecKeychain is deprecated [#DeprecatedDeclaration]
 388 |                   let access else { return nil }
 389 |             var list: CFArray?
 390 |             guard SecAccessCopyACLList(access, &list) == errSecSuccess,
     |                   `- warning: 'SecAccessCopyACLList' was deprecated in macOS 10.10: SecKeychain is deprecated [#DeprecatedDeclaration]
 391 |                   let acls = list as? [SecACL] else { return access }
 392 |             for acl in acls {

/private/tmp/llmq-handoff-mutant-20260907/Sources/LLMQuotaCore/ClusterNet.swift:396:23: warning: 'SecACLCopyContents' was deprecated in macOS 10.10: SecKeychain is deprecated [#DeprecatedDeclaration]
 394 |                 var desc: CFString?
 395 |                 var prompt = SecKeychainPromptSelector()
 396 |                 guard SecACLCopyContents(acl, &apps, &desc, &prompt) == errSecSuccess
     |                       `- warning: 'SecACLCopyContents' was deprecated in macOS 10.10: SecKeychain is deprecated [#DeprecatedDeclaration]
 397 |                 else { continue }
 398 |                 _ = SecACLSetContents(acl, nil, desc ?? "" as CFString, prompt)

/private/tmp/llmq-handoff-mutant-20260907/Sources/LLMQuotaCore/ClusterNet.swift:398:21: warning: 'SecACLSetContents' was deprecated in macOS 10.10: SecKeychain is deprecated [#DeprecatedDeclaration]
 396 |                 guard SecACLCopyContents(acl, &apps, &desc, &prompt) == errSecSuccess
 397 |                 else { continue }
 398 |                 _ = SecACLSetContents(acl, nil, desc ?? "" as CFString, prompt)
     |                     `- warning: 'SecACLSetContents' was deprecated in macOS 10.10: SecKeychain is deprecated [#DeprecatedDeclaration]
 399 |             }
 400 |             return access

/private/tmp/llmq-handoff-mutant-20260907/Sources/LLMQuotaCore/ClusterNet.swift:432:13: warning: 'SecKeychainSetUserInteractionAllowed' was deprecated in macOS 10.10: SecKeychain is deprecated [#DeprecatedDeclaration]
 430 |             //
 431 |             // 验证过：加上之后 0.017 秒返回 errSecAuthFailed，不再挂。
 432 |             SecKeychainSetUserInteractionAllowed(false)
     |             `- warning: 'SecKeychainSetUserInteractionAllowed' was deprecated in macOS 10.10: SecKeychain is deprecated [#DeprecatedDeclaration]
 433 |             let q: [String: Any] = [
 434 |                 kSecClass as String: kSecClassGenericPassword,

/private/tmp/llmq-handoff-mutant-20260907/Sources/LLMQuotaCore/ClusterNet.swift:438:52: warning: 'kSecUseAuthenticationUIFail' was deprecated in macOS 11.0: Instead of kSecUseAuthenticationUI, use kSecUseAuthenticationContext and set LAContext.interactionNotAllowed property [#DeprecatedDeclaration]
 436 |                 kSecAttrAccount as String: node,
 437 |                 kSecReturnData as String: true,
 438 |                 kSecUseAuthenticationUI as String: kSecUseAuthenticationUIFail,
     |                                                    `- warning: 'kSecUseAuthenticationUIFail' was deprecated in macOS 11.0: Instead of kSecUseAuthenticationUI, use kSecUseAuthenticationContext and set LAContext.interactionNotAllowed property [#DeprecatedDeclaration]
 439 |             ]
 440 |             var out: CFTypeRef?

/private/tmp/llmq-handoff-mutant-20260907/Sources/LLMQuotaCore/ClusterNet.swift:487:13: warning: 'SecKeychainSetUserInteractionAllowed' was deprecated in macOS 10.10: SecKeychain is deprecated [#DeprecatedDeclaration]
 485 |         /// 我们要的是把**现有**口令原样搬过去。
 486 |         public static func rawLoad(node: String) -> String? {
 487 |             SecKeychainSetUserInteractionAllowed(false)
     |             `- warning: 'SecKeychainSetUserInteractionAllowed' was deprecated in macOS 10.10: SecKeychain is deprecated [#DeprecatedDeclaration]
 488 |             let q: [String: Any] = [
 489 |                 kSecClass as String: kSecClassGenericPassword,

/private/tmp/llmq-handoff-mutant-20260907/Sources/LLMQuotaCore/ClusterNet.swift:955:54: warning: forced cast of 'SecCertificate' to same type has no effect
 953 |             guard name == nil else { return }
 954 |             let ref = sec_certificate_copy_ref(cert).takeRetainedValue()
 955 |             name = TrustEvaluator.commonName(of: ref as! SecCertificate)
     |                                                      `- warning: forced cast of 'SecCertificate' to same type has no effect
 956 |         }
 957 |         return name

[#DeprecatedDeclaration]: <https://docs.swift.org/compiler/documentation/diagnostics/deprecated-declaration>
[103/136] Compiling LLMQuotaCore CodingMediaGuard.swift
/private/tmp/llmq-handoff-mutant-20260907/Sources/LLMQuotaCore/ClusterNet.swift:141:13: warning: 'SecKeychainCreate' was deprecated in macOS 10.10: SecKeychain is deprecated [#DeprecatedDeclaration]
 139 |         var kc: SecKeychain?
 140 |         let st = pw.withCString { p in
 141 |             SecKeychainCreate(path, UInt32(strlen(p)), p, false, nil, &kc)
     |             `- warning: 'SecKeychainCreate' was deprecated in macOS 10.10: SecKeychain is deprecated [#DeprecatedDeclaration]
 142 |         }
 143 |         guard st == errSecSuccess, let kc else { return nil }

/private/tmp/llmq-handoff-mutant-20260907/Sources/LLMQuotaCore/ClusterNet.swift:152:13: warning: 'SecKeychainUnlock' was deprecated in macOS 10.10: SecKeychain is deprecated [#DeprecatedDeclaration]
 150 |         scratchPassword = pw
 151 |         _ = pw.withCString { p in
 152 |             SecKeychainUnlock(kc, UInt32(strlen(p)), p, true)
     |             `- warning: 'SecKeychainUnlock' was deprecated in macOS 10.10: SecKeychain is deprecated [#DeprecatedDeclaration]
 153 |         }
 154 |         // **到此为止，别再碰这个钥匙串的任何设置。**

/private/tmp/llmq-handoff-mutant-20260907/Sources/LLMQuotaCore/ClusterNet.swift:203:15: warning: 'SecKeychainCopySearchList' was deprecated in macOS 10.10: SecKeychain is deprecated [#DeprecatedDeclaration]
 201 |     private static func setSearchList(adding kc: SecKeychain?) {
 202 |         var list: CFArray?
 203 |         guard SecKeychainCopySearchList(&list) == errSecSuccess,
     |               `- warning: 'SecKeychainCopySearchList' was deprecated in macOS 10.10: SecKeychain is deprecated [#DeprecatedDeclaration]
 204 |               let arr = list as? [SecKeychain] else { return }
 205 |         let mine = scratchDir.appendingPathComponent("scratch-").path

/private/tmp/llmq-handoff-mutant-20260907/Sources/LLMQuotaCore/ClusterNet.swift:211:16: warning: 'SecKeychainGetPath' was deprecated in macOS 10.10: SecKeychain is deprecated [#DeprecatedDeclaration]
 209 |             var buf = [CChar](repeating: 0, count: 4096)
 210 |             var len = UInt32(buf.count)
 211 |             if SecKeychainGetPath(k, &len, &buf) == errSecSuccess {
     |                `- warning: 'SecKeychainGetPath' was deprecated in macOS 10.10: SecKeychain is deprecated [#DeprecatedDeclaration]
 212 |                 let p = String(cString: buf)
 213 |                 // 本工具的、而且文件已经没了 —— 这条是死的，剔掉。

/private/tmp/llmq-handoff-mutant-20260907/Sources/LLMQuotaCore/ClusterNet.swift:222:13: warning: 'SecKeychainSetSearchList' was deprecated in macOS 10.10: SecKeychain is deprecated [#DeprecatedDeclaration]
 220 |         }
 221 |         if let kc { kept.insert(kc, at: 0) }
 222 |         _ = SecKeychainSetSearchList(kept as CFArray)
     |             `- warning: 'SecKeychainSetSearchList' was deprecated in macOS 10.10: SecKeychain is deprecated [#DeprecatedDeclaration]
 223 |     }
 224 | 

/private/tmp/llmq-handoff-mutant-20260907/Sources/LLMQuotaCore/ClusterNet.swift:216:24: warning: immutable value 'kc' was never used; consider replacing with '_' or removing it [#no-usage]
 214 |                 // 别的进程还活着的那条**必须留下**。
 215 |                 if p.hasPrefix(mine) && !fm.fileExists(atPath: p) { continue }
 216 |                 if let kc, p == currentScratchPath { continue }  // 自己那条稍后重新插到最前
     |                        `- warning: immutable value 'kc' was never used; consider replacing with '_' or removing it [#no-usage]
 217 |                 _ = kc
 218 |             }

/private/tmp/llmq-handoff-mutant-20260907/Sources/LLMQuotaCore/ClusterNet.swift:262:15: warning: 'SecKeychainGetStatus' was deprecated in macOS 10.10: SecKeychain is deprecated [#DeprecatedDeclaration]
 260 |         guard let kc = scratch, let pw = scratchPassword else { return false }
 261 |         var st = SecKeychainStatus(0)
 262 |         guard SecKeychainGetStatus(kc, &st) == errSecSuccess else { return false }
     |               `- warning: 'SecKeychainGetStatus' was deprecated in macOS 10.10: SecKeychain is deprecated [#DeprecatedDeclaration]
 263 |         if st & SecKeychainStatus(kSecUnlockStateStatus) != 0 { return true }
 264 |         let r = pw.withCString { p in

/private/tmp/llmq-handoff-mutant-20260907/Sources/LLMQuotaCore/ClusterNet.swift:265:13: warning: 'SecKeychainUnlock' was deprecated in macOS 10.10: SecKeychain is deprecated [#DeprecatedDeclaration]
 263 |         if st & SecKeychainStatus(kSecUnlockStateStatus) != 0 { return true }
 264 |         let r = pw.withCString { p in
 265 |             SecKeychainUnlock(kc, UInt32(strlen(p)), p, true)
     |             `- warning: 'SecKeychainUnlock' was deprecated in macOS 10.10: SecKeychain is deprecated [#DeprecatedDeclaration]
 266 |         }
 267 |         return r == errSecSuccess

/private/tmp/llmq-handoff-mutant-20260907/Sources/LLMQuotaCore/ClusterNet.swift:279:13: warning: 'SecKeychainDelete' was deprecated in macOS 10.10: SecKeychain is deprecated [#DeprecatedDeclaration]
 277 |         // 反过来的话，重算时自己那个文件还在、会被当成「活的」留下，
 278 |         // 于是留下一条指向马上就要消失的文件的死条目。
 279 |         _ = SecKeychainDelete(kc)
     |             `- warning: 'SecKeychainDelete' was deprecated in macOS 10.10: SecKeychain is deprecated [#DeprecatedDeclaration]
 280 |         scratch = nil
 281 |         scratchPassword = nil

/private/tmp/llmq-handoff-mutant-20260907/Sources/LLMQuotaCore/ClusterNet.swift:387:19: warning: 'SecAccessCreate' was deprecated in macOS 10.10: SecKeychain is deprecated [#DeprecatedDeclaration]
 385 |         private static func anyAppAccess() -> SecAccess? {
 386 |             var access: SecAccess?
 387 |             guard SecAccessCreate("llmq 集群口令" as CFString, nil, &access) == errSecSuccess,
     |                   `- warning: 'SecAccessCreate' was deprecated in macOS 10.10: SecKeychain is deprecated [#DeprecatedDeclaration]
 388 |                   let access else { return nil }
 389 |             var list: CFArray?

/private/tmp/llmq-handoff-mutant-20260907/Sources/LLMQuotaCore/ClusterNet.swift:390:19: warning: 'SecAccessCopyACLList' was deprecated in macOS 10.10: SecKeychain is deprecated [#DeprecatedDeclaration]
 388 |                   let access else { return nil }
 389 |             var list: CFArray?
 390 |             guard SecAccessCopyACLList(access, &list) == errSecSuccess,
     |                   `- warning: 'SecAccessCopyACLList' was deprecated in macOS 10.10: SecKeychain is deprecated [#DeprecatedDeclaration]
 391 |                   let acls = list as? [SecACL] else { return access }
 392 |             for acl in acls {

/private/tmp/llmq-handoff-mutant-20260907/Sources/LLMQuotaCore/ClusterNet.swift:396:23: warning: 'SecACLCopyContents' was deprecated in macOS 10.10: SecKeychain is deprecated [#DeprecatedDeclaration]
 394 |                 var desc: CFString?
 395 |                 var prompt = SecKeychainPromptSelector()
 396 |                 guard SecACLCopyContents(acl, &apps, &desc, &prompt) == errSecSuccess
     |                       `- warning: 'SecACLCopyContents' was deprecated in macOS 10.10: SecKeychain is deprecated [#DeprecatedDeclaration]
 397 |                 else { continue }
 398 |                 _ = SecACLSetContents(acl, nil, desc ?? "" as CFString, prompt)

/private/tmp/llmq-handoff-mutant-20260907/Sources/LLMQuotaCore/ClusterNet.swift:398:21: warning: 'SecACLSetContents' was deprecated in macOS 10.10: SecKeychain is deprecated [#DeprecatedDeclaration]
 396 |                 guard SecACLCopyContents(acl, &apps, &desc, &prompt) == errSecSuccess
 397 |                 else { continue }
 398 |                 _ = SecACLSetContents(acl, nil, desc ?? "" as CFString, prompt)
     |                     `- warning: 'SecACLSetContents' was deprecated in macOS 10.10: SecKeychain is deprecated [#DeprecatedDeclaration]
 399 |             }
 400 |             return access

/private/tmp/llmq-handoff-mutant-20260907/Sources/LLMQuotaCore/ClusterNet.swift:432:13: warning: 'SecKeychainSetUserInteractionAllowed' was deprecated in macOS 10.10: SecKeychain is deprecated [#DeprecatedDeclaration]
 430 |             //
 431 |             // 验证过：加上之后 0.017 秒返回 errSecAuthFailed，不再挂。
 432 |             SecKeychainSetUserInteractionAllowed(false)
     |             `- warning: 'SecKeychainSetUserInteractionAllowed' was deprecated in macOS 10.10: SecKeychain is deprecated [#DeprecatedDeclaration]
 433 |             let q: [String: Any] = [
 434 |                 kSecClass as String: kSecClassGenericPassword,

/private/tmp/llmq-handoff-mutant-20260907/Sources/LLMQuotaCore/ClusterNet.swift:438:52: warning: 'kSecUseAuthenticationUIFail' was deprecated in macOS 11.0: Instead of kSecUseAuthenticationUI, use kSecUseAuthenticationContext and set LAContext.interactionNotAllowed property [#DeprecatedDeclaration]
 436 |                 kSecAttrAccount as String: node,
 437 |                 kSecReturnData as String: true,
 438 |                 kSecUseAuthenticationUI as String: kSecUseAuthenticationUIFail,
     |                                                    `- warning: 'kSecUseAuthenticationUIFail' was deprecated in macOS 11.0: Instead of kSecUseAuthenticationUI, use kSecUseAuthenticationContext and set LAContext.interactionNotAllowed property [#DeprecatedDeclaration]
 439 |             ]
 440 |             var out: CFTypeRef?

/private/tmp/llmq-handoff-mutant-20260907/Sources/LLMQuotaCore/ClusterNet.swift:487:13: warning: 'SecKeychainSetUserInteractionAllowed' was deprecated in macOS 10.10: SecKeychain is deprecated [#DeprecatedDeclaration]
 485 |         /// 我们要的是把**现有**口令原样搬过去。
 486 |         public static func rawLoad(node: String) -> String? {
 487 |             SecKeychainSetUserInteractionAllowed(false)
     |             `- warning: 'SecKeychainSetUserInteractionAllowed' was deprecated in macOS 10.10: SecKeychain is deprecated [#DeprecatedDeclaration]
 488 |             let q: [String: Any] = [
 489 |                 kSecClass as String: kSecClassGenericPassword,

/private/tmp/llmq-handoff-mutant-20260907/Sources/LLMQuotaCore/ClusterNet.swift:955:54: warning: forced cast of 'SecCertificate' to same type has no effect
 953 |             guard name == nil else { return }
 954 |             let ref = sec_certificate_copy_ref(cert).takeRetainedValue()
 955 |             name = TrustEvaluator.commonName(of: ref as! SecCertificate)
     |                                                      `- warning: forced cast of 'SecCertificate' to same type has no effect
 956 |         }
 957 |         return name

[#DeprecatedDeclaration]: <https://docs.swift.org/compiler/documentation/diagnostics/deprecated-declaration>
[104/136] Compiling LLMQuotaCore Collaboration.swift
/private/tmp/llmq-handoff-mutant-20260907/Sources/LLMQuotaCore/ClusterNet.swift:141:13: warning: 'SecKeychainCreate' was deprecated in macOS 10.10: SecKeychain is deprecated [#DeprecatedDeclaration]
 139 |         var kc: SecKeychain?
 140 |         let st = pw.withCString { p in
 141 |             SecKeychainCreate(path, UInt32(strlen(p)), p, false, nil, &kc)
     |             `- warning: 'SecKeychainCreate' was deprecated in macOS 10.10: SecKeychain is deprecated [#DeprecatedDeclaration]
 142 |         }
 143 |         guard st == errSecSuccess, let kc else { return nil }

/private/tmp/llmq-handoff-mutant-20260907/Sources/LLMQuotaCore/ClusterNet.swift:152:13: warning: 'SecKeychainUnlock' was deprecated in macOS 10.10: SecKeychain is deprecated [#DeprecatedDeclaration]
 150 |         scratchPassword = pw
 151 |         _ = pw.withCString { p in
 152 |             SecKeychainUnlock(kc, UInt32(strlen(p)), p, true)
     |             `- warning: 'SecKeychainUnlock' was deprecated in macOS 10.10: SecKeychain is deprecated [#DeprecatedDeclaration]
 153 |         }
 154 |         // **到此为止，别再碰这个钥匙串的任何设置。**

/private/tmp/llmq-handoff-mutant-20260907/Sources/LLMQuotaCore/ClusterNet.swift:203:15: warning: 'SecKeychainCopySearchList' was deprecated in macOS 10.10: SecKeychain is deprecated [#DeprecatedDeclaration]
 201 |     private static func setSearchList(adding kc: SecKeychain?) {
 202 |         var list: CFArray?
 203 |         guard SecKeychainCopySearchList(&list) == errSecSuccess,
     |               `- warning: 'SecKeychainCopySearchList' was deprecated in macOS 10.10: SecKeychain is deprecated [#DeprecatedDeclaration]
 204 |               let arr = list as? [SecKeychain] else { return }
 205 |         let mine = scratchDir.appendingPathComponent("scratch-").path

/private/tmp/llmq-handoff-mutant-20260907/Sources/LLMQuotaCore/ClusterNet.swift:211:16: warning: 'SecKeychainGetPath' was deprecated in macOS 10.10: SecKeychain is deprecated [#DeprecatedDeclaration]
 209 |             var buf = [CChar](repeating: 0, count: 4096)
 210 |             var len = UInt32(buf.count)
 211 |             if SecKeychainGetPath(k, &len, &buf) == errSecSuccess {
     |                `- warning: 'SecKeychainGetPath' was deprecated in macOS 10.10: SecKeychain is deprecated [#DeprecatedDeclaration]
 212 |                 let p = String(cString: buf)
 213 |                 // 本工具的、而且文件已经没了 —— 这条是死的，剔掉。

/private/tmp/llmq-handoff-mutant-20260907/Sources/LLMQuotaCore/ClusterNet.swift:222:13: warning: 'SecKeychainSetSearchList' was deprecated in macOS 10.10: SecKeychain is deprecated [#DeprecatedDeclaration]
 220 |         }
 221 |         if let kc { kept.insert(kc, at: 0) }
 222 |         _ = SecKeychainSetSearchList(kept as CFArray)
     |             `- warning: 'SecKeychainSetSearchList' was deprecated in macOS 10.10: SecKeychain is deprecated [#DeprecatedDeclaration]
 223 |     }
 224 | 

/private/tmp/llmq-handoff-mutant-20260907/Sources/LLMQuotaCore/ClusterNet.swift:216:24: warning: immutable value 'kc' was never used; consider replacing with '_' or removing it [#no-usage]
 214 |                 // 别的进程还活着的那条**必须留下**。
 215 |                 if p.hasPrefix(mine) && !fm.fileExists(atPath: p) { continue }
 216 |                 if let kc, p == currentScratchPath { continue }  // 自己那条稍后重新插到最前
     |                        `- warning: immutable value 'kc' was never used; consider replacing with '_' or removing it [#no-usage]
 217 |                 _ = kc
 218 |             }

/private/tmp/llmq-handoff-mutant-20260907/Sources/LLMQuotaCore/ClusterNet.swift:262:15: warning: 'SecKeychainGetStatus' was deprecated in macOS 10.10: SecKeychain is deprecated [#DeprecatedDeclaration]
 260 |         guard let kc = scratch, let pw = scratchPassword else { return false }
 261 |         var st = SecKeychainStatus(0)
 262 |         guard SecKeychainGetStatus(kc, &st) == errSecSuccess else { return false }
     |               `- warning: 'SecKeychainGetStatus' was deprecated in macOS 10.10: SecKeychain is deprecated [#DeprecatedDeclaration]
 263 |         if st & SecKeychainStatus(kSecUnlockStateStatus) != 0 { return true }
 264 |         let r = pw.withCString { p in

/private/tmp/llmq-handoff-mutant-20260907/Sources/LLMQuotaCore/ClusterNet.swift:265:13: warning: 'SecKeychainUnlock' was deprecated in macOS 10.10: SecKeychain is deprecated [#DeprecatedDeclaration]
 263 |         if st & SecKeychainStatus(kSecUnlockStateStatus) != 0 { return true }
 264 |         let r = pw.withCString { p in
 265 |             SecKeychainUnlock(kc, UInt32(strlen(p)), p, true)
     |             `- warning: 'SecKeychainUnlock' was deprecated in macOS 10.10: SecKeychain is deprecated [#DeprecatedDeclaration]
 266 |         }
 267 |         return r == errSecSuccess

/private/tmp/llmq-handoff-mutant-20260907/Sources/LLMQuotaCore/ClusterNet.swift:279:13: warning: 'SecKeychainDelete' was deprecated in macOS 10.10: SecKeychain is deprecated [#DeprecatedDeclaration]
 277 |         // 反过来的话，重算时自己那个文件还在、会被当成「活的」留下，
 278 |         // 于是留下一条指向马上就要消失的文件的死条目。
 279 |         _ = SecKeychainDelete(kc)
     |             `- warning: 'SecKeychainDelete' was deprecated in macOS 10.10: SecKeychain is deprecated [#DeprecatedDeclaration]
 280 |         scratch = nil
 281 |         scratchPassword = nil

/private/tmp/llmq-handoff-mutant-20260907/Sources/LLMQuotaCore/ClusterNet.swift:387:19: warning: 'SecAccessCreate' was deprecated in macOS 10.10: SecKeychain is deprecated [#DeprecatedDeclaration]
 385 |         private static func anyAppAccess() -> SecAccess? {
 386 |             var access: SecAccess?
 387 |             guard SecAccessCreate("llmq 集群口令" as CFString, nil, &access) == errSecSuccess,
     |                   `- warning: 'SecAccessCreate' was deprecated in macOS 10.10: SecKeychain is deprecated [#DeprecatedDeclaration]
 388 |                   let access else { return nil }
 389 |             var list: CFArray?

/private/tmp/llmq-handoff-mutant-20260907/Sources/LLMQuotaCore/ClusterNet.swift:390:19: warning: 'SecAccessCopyACLList' was deprecated in macOS 10.10: SecKeychain is deprecated [#DeprecatedDeclaration]
 388 |                   let access else { return nil }
 389 |             var list: CFArray?
 390 |             guard SecAccessCopyACLList(access, &list) == errSecSuccess,
     |                   `- warning: 'SecAccessCopyACLList' was deprecated in macOS 10.10: SecKeychain is deprecated [#DeprecatedDeclaration]
 391 |                   let acls = list as? [SecACL] else { return access }
 392 |             for acl in acls {

/private/tmp/llmq-handoff-mutant-20260907/Sources/LLMQuotaCore/ClusterNet.swift:396:23: warning: 'SecACLCopyContents' was deprecated in macOS 10.10: SecKeychain is deprecated [#DeprecatedDeclaration]
 394 |                 var desc: CFString?
 395 |                 var prompt = SecKeychainPromptSelector()
 396 |                 guard SecACLCopyContents(acl, &apps, &desc, &prompt) == errSecSuccess
     |                       `- warning: 'SecACLCopyContents' was deprecated in macOS 10.10: SecKeychain is deprecated [#DeprecatedDeclaration]
 397 |                 else { continue }
 398 |                 _ = SecACLSetContents(acl, nil, desc ?? "" as CFString, prompt)

/private/tmp/llmq-handoff-mutant-20260907/Sources/LLMQuotaCore/ClusterNet.swift:398:21: warning: 'SecACLSetContents' was deprecated in macOS 10.10: SecKeychain is deprecated [#DeprecatedDeclaration]
 396 |                 guard SecACLCopyContents(acl, &apps, &desc, &prompt) == errSecSuccess
 397 |                 else { continue }
 398 |                 _ = SecACLSetContents(acl, nil, desc ?? "" as CFString, prompt)
     |                     `- warning: 'SecACLSetContents' was deprecated in macOS 10.10: SecKeychain is deprecated [#DeprecatedDeclaration]
 399 |             }
 400 |             return access

/private/tmp/llmq-handoff-mutant-20260907/Sources/LLMQuotaCore/ClusterNet.swift:432:13: warning: 'SecKeychainSetUserInteractionAllowed' was deprecated in macOS 10.10: SecKeychain is deprecated [#DeprecatedDeclaration]
 430 |             //
 431 |             // 验证过：加上之后 0.017 秒返回 errSecAuthFailed，不再挂。
 432 |             SecKeychainSetUserInteractionAllowed(false)
     |             `- warning: 'SecKeychainSetUserInteractionAllowed' was deprecated in macOS 10.10: SecKeychain is deprecated [#DeprecatedDeclaration]
 433 |             let q: [String: Any] = [
 434 |                 kSecClass as String: kSecClassGenericPassword,

/private/tmp/llmq-handoff-mutant-20260907/Sources/LLMQuotaCore/ClusterNet.swift:438:52: warning: 'kSecUseAuthenticationUIFail' was deprecated in macOS 11.0: Instead of kSecUseAuthenticationUI, use kSecUseAuthenticationContext and set LAContext.interactionNotAllowed property [#DeprecatedDeclaration]
 436 |                 kSecAttrAccount as String: node,
 437 |                 kSecReturnData as String: true,
 438 |                 kSecUseAuthenticationUI as String: kSecUseAuthenticationUIFail,
     |                                                    `- warning: 'kSecUseAuthenticationUIFail' was deprecated in macOS 11.0: Instead of kSecUseAuthenticationUI, use kSecUseAuthenticationContext and set LAContext.interactionNotAllowed property [#DeprecatedDeclaration]
 439 |             ]
 440 |             var out: CFTypeRef?

/private/tmp/llmq-handoff-mutant-20260907/Sources/LLMQuotaCore/ClusterNet.swift:487:13: warning: 'SecKeychainSetUserInteractionAllowed' was deprecated in macOS 10.10: SecKeychain is deprecated [#DeprecatedDeclaration]
 485 |         /// 我们要的是把**现有**口令原样搬过去。
 486 |         public static func rawLoad(node: String) -> String? {
 487 |             SecKeychainSetUserInteractionAllowed(false)
     |             `- warning: 'SecKeychainSetUserInteractionAllowed' was deprecated in macOS 10.10: SecKeychain is deprecated [#DeprecatedDeclaration]
 488 |             let q: [String: Any] = [
 489 |                 kSecClass as String: kSecClassGenericPassword,

/private/tmp/llmq-handoff-mutant-20260907/Sources/LLMQuotaCore/ClusterNet.swift:955:54: warning: forced cast of 'SecCertificate' to same type has no effect
 953 |             guard name == nil else { return }
 954 |             let ref = sec_certificate_copy_ref(cert).takeRetainedValue()
 955 |             name = TrustEvaluator.commonName(of: ref as! SecCertificate)
     |                                                      `- warning: forced cast of 'SecCertificate' to same type has no effect
 956 |         }
 957 |         return name

[#DeprecatedDeclaration]: <https://docs.swift.org/compiler/documentation/diagnostics/deprecated-declaration>
[105/136] Compiling LLMQuotaCore CollaborationMCPInstaller.swift
/private/tmp/llmq-handoff-mutant-20260907/Sources/LLMQuotaCore/ClusterNet.swift:141:13: warning: 'SecKeychainCreate' was deprecated in macOS 10.10: SecKeychain is deprecated [#DeprecatedDeclaration]
 139 |         var kc: SecKeychain?
 140 |         let st = pw.withCString { p in
 141 |             SecKeychainCreate(path, UInt32(strlen(p)), p, false, nil, &kc)
     |             `- warning: 'SecKeychainCreate' was deprecated in macOS 10.10: SecKeychain is deprecated [#DeprecatedDeclaration]
 142 |         }
 143 |         guard st == errSecSuccess, let kc else { return nil }

/private/tmp/llmq-handoff-mutant-20260907/Sources/LLMQuotaCore/ClusterNet.swift:152:13: warning: 'SecKeychainUnlock' was deprecated in macOS 10.10: SecKeychain is deprecated [#DeprecatedDeclaration]
 150 |         scratchPassword = pw
 151 |         _ = pw.withCString { p in
 152 |             SecKeychainUnlock(kc, UInt32(strlen(p)), p, true)
     |             `- warning: 'SecKeychainUnlock' was deprecated in macOS 10.10: SecKeychain is deprecated [#DeprecatedDeclaration]
 153 |         }
 154 |         // **到此为止，别再碰这个钥匙串的任何设置。**

/private/tmp/llmq-handoff-mutant-20260907/Sources/LLMQuotaCore/ClusterNet.swift:203:15: warning: 'SecKeychainCopySearchList' was deprecated in macOS 10.10: SecKeychain is deprecated [#DeprecatedDeclaration]
 201 |     private static func setSearchList(adding kc: SecKeychain?) {
 202 |         var list: CFArray?
 203 |         guard SecKeychainCopySearchList(&list) == errSecSuccess,
     |               `- warning: 'SecKeychainCopySearchList' was deprecated in macOS 10.10: SecKeychain is deprecated [#DeprecatedDeclaration]
 204 |               let arr = list as? [SecKeychain] else { return }
 205 |         let mine = scratchDir.appendingPathComponent("scratch-").path

/private/tmp/llmq-handoff-mutant-20260907/Sources/LLMQuotaCore/ClusterNet.swift:211:16: warning: 'SecKeychainGetPath' was deprecated in macOS 10.10: SecKeychain is deprecated [#DeprecatedDeclaration]
 209 |             var buf = [CChar](repeating: 0, count: 4096)
 210 |             var len = UInt32(buf.count)
 211 |             if SecKeychainGetPath(k, &len, &buf) == errSecSuccess {
     |                `- warning: 'SecKeychainGetPath' was deprecated in macOS 10.10: SecKeychain is deprecated [#DeprecatedDeclaration]
 212 |                 let p = String(cString: buf)
 213 |                 // 本工具的、而且文件已经没了 —— 这条是死的，剔掉。

/private/tmp/llmq-handoff-mutant-20260907/Sources/LLMQuotaCore/ClusterNet.swift:222:13: warning: 'SecKeychainSetSearchList' was deprecated in macOS 10.10: SecKeychain is deprecated [#DeprecatedDeclaration]
 220 |         }
 221 |         if let kc { kept.insert(kc, at: 0) }
 222 |         _ = SecKeychainSetSearchList(kept as CFArray)
     |             `- warning: 'SecKeychainSetSearchList' was deprecated in macOS 10.10: SecKeychain is deprecated [#DeprecatedDeclaration]
 223 |     }
 224 | 

/private/tmp/llmq-handoff-mutant-20260907/Sources/LLMQuotaCore/ClusterNet.swift:216:24: warning: immutable value 'kc' was never used; consider replacing with '_' or removing it [#no-usage]
 214 |                 // 别的进程还活着的那条**必须留下**。
 215 |                 if p.hasPrefix(mine) && !fm.fileExists(atPath: p) { continue }
 216 |                 if let kc, p == currentScratchPath { continue }  // 自己那条稍后重新插到最前
     |                        `- warning: immutable value 'kc' was never used; consider replacing with '_' or removing it [#no-usage]
 217 |                 _ = kc
 218 |             }

/private/tmp/llmq-handoff-mutant-20260907/Sources/LLMQuotaCore/ClusterNet.swift:262:15: warning: 'SecKeychainGetStatus' was deprecated in macOS 10.10: SecKeychain is deprecated [#DeprecatedDeclaration]
 260 |         guard let kc = scratch, let pw = scratchPassword else { return false }
 261 |         var st = SecKeychainStatus(0)
 262 |         guard SecKeychainGetStatus(kc, &st) == errSecSuccess else { return false }
     |               `- warning: 'SecKeychainGetStatus' was deprecated in macOS 10.10: SecKeychain is deprecated [#DeprecatedDeclaration]
 263 |         if st & SecKeychainStatus(kSecUnlockStateStatus) != 0 { return true }
 264 |         let r = pw.withCString { p in

/private/tmp/llmq-handoff-mutant-20260907/Sources/LLMQuotaCore/ClusterNet.swift:265:13: warning: 'SecKeychainUnlock' was deprecated in macOS 10.10: SecKeychain is deprecated [#DeprecatedDeclaration]
 263 |         if st & SecKeychainStatus(kSecUnlockStateStatus) != 0 { return true }
 264 |         let r = pw.withCString { p in
 265 |             SecKeychainUnlock(kc, UInt32(strlen(p)), p, true)
     |             `- warning: 'SecKeychainUnlock' was deprecated in macOS 10.10: SecKeychain is deprecated [#DeprecatedDeclaration]
 266 |         }
 267 |         return r == errSecSuccess

/private/tmp/llmq-handoff-mutant-20260907/Sources/LLMQuotaCore/ClusterNet.swift:279:13: warning: 'SecKeychainDelete' was deprecated in macOS 10.10: SecKeychain is deprecated [#DeprecatedDeclaration]
 277 |         // 反过来的话，重算时自己那个文件还在、会被当成「活的」留下，
 278 |         // 于是留下一条指向马上就要消失的文件的死条目。
 279 |         _ = SecKeychainDelete(kc)
     |             `- warning: 'SecKeychainDelete' was deprecated in macOS 10.10: SecKeychain is deprecated [#DeprecatedDeclaration]
 280 |         scratch = nil
 281 |         scratchPassword = nil

/private/tmp/llmq-handoff-mutant-20260907/Sources/LLMQuotaCore/ClusterNet.swift:387:19: warning: 'SecAccessCreate' was deprecated in macOS 10.10: SecKeychain is deprecated [#DeprecatedDeclaration]
 385 |         private static func anyAppAccess() -> SecAccess? {
 386 |             var access: SecAccess?
 387 |             guard SecAccessCreate("llmq 集群口令" as CFString, nil, &access) == errSecSuccess,
     |                   `- warning: 'SecAccessCreate' was deprecated in macOS 10.10: SecKeychain is deprecated [#DeprecatedDeclaration]
 388 |                   let access else { return nil }
 389 |             var list: CFArray?

/private/tmp/llmq-handoff-mutant-20260907/Sources/LLMQuotaCore/ClusterNet.swift:390:19: warning: 'SecAccessCopyACLList' was deprecated in macOS 10.10: SecKeychain is deprecated [#DeprecatedDeclaration]
 388 |                   let access else { return nil }
 389 |             var list: CFArray?
 390 |             guard SecAccessCopyACLList(access, &list) == errSecSuccess,
     |                   `- warning: 'SecAccessCopyACLList' was deprecated in macOS 10.10: SecKeychain is deprecated [#DeprecatedDeclaration]
 391 |                   let acls = list as? [SecACL] else { return access }
 392 |             for acl in acls {

/private/tmp/llmq-handoff-mutant-20260907/Sources/LLMQuotaCore/ClusterNet.swift:396:23: warning: 'SecACLCopyContents' was deprecated in macOS 10.10: SecKeychain is deprecated [#DeprecatedDeclaration]
 394 |                 var desc: CFString?
 395 |                 var prompt = SecKeychainPromptSelector()
 396 |                 guard SecACLCopyContents(acl, &apps, &desc, &prompt) == errSecSuccess
     |                       `- warning: 'SecACLCopyContents' was deprecated in macOS 10.10: SecKeychain is deprecated [#DeprecatedDeclaration]
 397 |                 else { continue }
 398 |                 _ = SecACLSetContents(acl, nil, desc ?? "" as CFString, prompt)

/private/tmp/llmq-handoff-mutant-20260907/Sources/LLMQuotaCore/ClusterNet.swift:398:21: warning: 'SecACLSetContents' was deprecated in macOS 10.10: SecKeychain is deprecated [#DeprecatedDeclaration]
 396 |                 guard SecACLCopyContents(acl, &apps, &desc, &prompt) == errSecSuccess
 397 |                 else { continue }
 398 |                 _ = SecACLSetContents(acl, nil, desc ?? "" as CFString, prompt)
     |                     `- warning: 'SecACLSetContents' was deprecated in macOS 10.10: SecKeychain is deprecated [#DeprecatedDeclaration]
 399 |             }
 400 |             return access

/private/tmp/llmq-handoff-mutant-20260907/Sources/LLMQuotaCore/ClusterNet.swift:432:13: warning: 'SecKeychainSetUserInteractionAllowed' was deprecated in macOS 10.10: SecKeychain is deprecated [#DeprecatedDeclaration]
 430 |             //
 431 |             // 验证过：加上之后 0.017 秒返回 errSecAuthFailed，不再挂。
 432 |             SecKeychainSetUserInteractionAllowed(false)
     |             `- warning: 'SecKeychainSetUserInteractionAllowed' was deprecated in macOS 10.10: SecKeychain is deprecated [#DeprecatedDeclaration]
 433 |             let q: [String: Any] = [
 434 |                 kSecClass as String: kSecClassGenericPassword,

/private/tmp/llmq-handoff-mutant-20260907/Sources/LLMQuotaCore/ClusterNet.swift:438:52: warning: 'kSecUseAuthenticationUIFail' was deprecated in macOS 11.0: Instead of kSecUseAuthenticationUI, use kSecUseAuthenticationContext and set LAContext.interactionNotAllowed property [#DeprecatedDeclaration]
 436 |                 kSecAttrAccount as String: node,
 437 |                 kSecReturnData as String: true,
 438 |                 kSecUseAuthenticationUI as String: kSecUseAuthenticationUIFail,
     |                                                    `- warning: 'kSecUseAuthenticationUIFail' was deprecated in macOS 11.0: Instead of kSecUseAuthenticationUI, use kSecUseAuthenticationContext and set LAContext.interactionNotAllowed property [#DeprecatedDeclaration]
 439 |             ]
 440 |             var out: CFTypeRef?

/private/tmp/llmq-handoff-mutant-20260907/Sources/LLMQuotaCore/ClusterNet.swift:487:13: warning: 'SecKeychainSetUserInteractionAllowed' was deprecated in macOS 10.10: SecKeychain is deprecated [#DeprecatedDeclaration]
 485 |         /// 我们要的是把**现有**口令原样搬过去。
 486 |         public static func rawLoad(node: String) -> String? {
 487 |             SecKeychainSetUserInteractionAllowed(false)
     |             `- warning: 'SecKeychainSetUserInteractionAllowed' was deprecated in macOS 10.10: SecKeychain is deprecated [#DeprecatedDeclaration]
 488 |             let q: [String: Any] = [
 489 |                 kSecClass as String: kSecClassGenericPassword,

/private/tmp/llmq-handoff-mutant-20260907/Sources/LLMQuotaCore/ClusterNet.swift:955:54: warning: forced cast of 'SecCertificate' to same type has no effect
 953 |             guard name == nil else { return }
 954 |             let ref = sec_certificate_copy_ref(cert).takeRetainedValue()
 955 |             name = TrustEvaluator.commonName(of: ref as! SecCertificate)
     |                                                      `- warning: forced cast of 'SecCertificate' to same type has no effect
 956 |         }
 957 |         return name

[#DeprecatedDeclaration]: <https://docs.swift.org/compiler/documentation/diagnostics/deprecated-declaration>
[106/136] Compiling LLMQuotaCore Collector.swift
/private/tmp/llmq-handoff-mutant-20260907/Sources/LLMQuotaCore/ClusterNet.swift:141:13: warning: 'SecKeychainCreate' was deprecated in macOS 10.10: SecKeychain is deprecated [#DeprecatedDeclaration]
 139 |         var kc: SecKeychain?
 140 |         let st = pw.withCString { p in
 141 |             SecKeychainCreate(path, UInt32(strlen(p)), p, false, nil, &kc)
     |             `- warning: 'SecKeychainCreate' was deprecated in macOS 10.10: SecKeychain is deprecated [#DeprecatedDeclaration]
 142 |         }
 143 |         guard st == errSecSuccess, let kc else { return nil }

/private/tmp/llmq-handoff-mutant-20260907/Sources/LLMQuotaCore/ClusterNet.swift:152:13: warning: 'SecKeychainUnlock' was deprecated in macOS 10.10: SecKeychain is deprecated [#DeprecatedDeclaration]
 150 |         scratchPassword = pw
 151 |         _ = pw.withCString { p in
 152 |             SecKeychainUnlock(kc, UInt32(strlen(p)), p, true)
     |             `- warning: 'SecKeychainUnlock' was deprecated in macOS 10.10: SecKeychain is deprecated [#DeprecatedDeclaration]
 153 |         }
 154 |         // **到此为止，别再碰这个钥匙串的任何设置。**

/private/tmp/llmq-handoff-mutant-20260907/Sources/LLMQuotaCore/ClusterNet.swift:203:15: warning: 'SecKeychainCopySearchList' was deprecated in macOS 10.10: SecKeychain is deprecated [#DeprecatedDeclaration]
 201 |     private static func setSearchList(adding kc: SecKeychain?) {
 202 |         var list: CFArray?
 203 |         guard SecKeychainCopySearchList(&list) == errSecSuccess,
     |               `- warning: 'SecKeychainCopySearchList' was deprecated in macOS 10.10: SecKeychain is deprecated [#DeprecatedDeclaration]
 204 |               let arr = list as? [SecKeychain] else { return }
 205 |         let mine = scratchDir.appendingPathComponent("scratch-").path

/private/tmp/llmq-handoff-mutant-20260907/Sources/LLMQuotaCore/ClusterNet.swift:211:16: warning: 'SecKeychainGetPath' was deprecated in macOS 10.10: SecKeychain is deprecated [#DeprecatedDeclaration]
 209 |             var buf = [CChar](repeating: 0, count: 4096)
 210 |             var len = UInt32(buf.count)
 211 |             if SecKeychainGetPath(k, &len, &buf) == errSecSuccess {
     |                `- warning: 'SecKeychainGetPath' was deprecated in macOS 10.10: SecKeychain is deprecated [#DeprecatedDeclaration]
 212 |                 let p = String(cString: buf)
 213 |                 // 本工具的、而且文件已经没了 —— 这条是死的，剔掉。

/private/tmp/llmq-handoff-mutant-20260907/Sources/LLMQuotaCore/ClusterNet.swift:222:13: warning: 'SecKeychainSetSearchList' was deprecated in macOS 10.10: SecKeychain is deprecated [#DeprecatedDeclaration]
 220 |         }
 221 |         if let kc { kept.insert(kc, at: 0) }
 222 |         _ = SecKeychainSetSearchList(kept as CFArray)
     |             `- warning: 'SecKeychainSetSearchList' was deprecated in macOS 10.10: SecKeychain is deprecated [#DeprecatedDeclaration]
 223 |     }
 224 | 

/private/tmp/llmq-handoff-mutant-20260907/Sources/LLMQuotaCore/ClusterNet.swift:216:24: warning: immutable value 'kc' was never used; consider replacing with '_' or removing it [#no-usage]
 214 |                 // 别的进程还活着的那条**必须留下**。
 215 |                 if p.hasPrefix(mine) && !fm.fileExists(atPath: p) { continue }
 216 |                 if let kc, p == currentScratchPath { continue }  // 自己那条稍后重新插到最前
     |                        `- warning: immutable value 'kc' was never used; consider replacing with '_' or removing it [#no-usage]
 217 |                 _ = kc
 218 |             }

/private/tmp/llmq-handoff-mutant-20260907/Sources/LLMQuotaCore/ClusterNet.swift:262:15: warning: 'SecKeychainGetStatus' was deprecated in macOS 10.10: SecKeychain is deprecated [#DeprecatedDeclaration]
 260 |         guard let kc = scratch, let pw = scratchPassword else { return false }
 261 |         var st = SecKeychainStatus(0)
 262 |         guard SecKeychainGetStatus(kc, &st) == errSecSuccess else { return false }
     |               `- warning: 'SecKeychainGetStatus' was deprecated in macOS 10.10: SecKeychain is deprecated [#DeprecatedDeclaration]
 263 |         if st & SecKeychainStatus(kSecUnlockStateStatus) != 0 { return true }
 264 |         let r = pw.withCString { p in

/private/tmp/llmq-handoff-mutant-20260907/Sources/LLMQuotaCore/ClusterNet.swift:265:13: warning: 'SecKeychainUnlock' was deprecated in macOS 10.10: SecKeychain is deprecated [#DeprecatedDeclaration]
 263 |         if st & SecKeychainStatus(kSecUnlockStateStatus) != 0 { return true }
 264 |         let r = pw.withCString { p in
 265 |             SecKeychainUnlock(kc, UInt32(strlen(p)), p, true)
     |             `- warning: 'SecKeychainUnlock' was deprecated in macOS 10.10: SecKeychain is deprecated [#DeprecatedDeclaration]
 266 |         }
 267 |         return r == errSecSuccess

/private/tmp/llmq-handoff-mutant-20260907/Sources/LLMQuotaCore/ClusterNet.swift:279:13: warning: 'SecKeychainDelete' was deprecated in macOS 10.10: SecKeychain is deprecated [#DeprecatedDeclaration]
 277 |         // 反过来的话，重算时自己那个文件还在、会被当成「活的」留下，
 278 |         // 于是留下一条指向马上就要消失的文件的死条目。
 279 |         _ = SecKeychainDelete(kc)
     |             `- warning: 'SecKeychainDelete' was deprecated in macOS 10.10: SecKeychain is deprecated [#DeprecatedDeclaration]
 280 |         scratch = nil
 281 |         scratchPassword = nil

/private/tmp/llmq-handoff-mutant-20260907/Sources/LLMQuotaCore/ClusterNet.swift:387:19: warning: 'SecAccessCreate' was deprecated in macOS 10.10: SecKeychain is deprecated [#DeprecatedDeclaration]
 385 |         private static func anyAppAccess() -> SecAccess? {
 386 |             var access: SecAccess?
 387 |             guard SecAccessCreate("llmq 集群口令" as CFString, nil, &access) == errSecSuccess,
     |                   `- warning: 'SecAccessCreate' was deprecated in macOS 10.10: SecKeychain is deprecated [#DeprecatedDeclaration]
 388 |                   let access else { return nil }
 389 |             var list: CFArray?

/private/tmp/llmq-handoff-mutant-20260907/Sources/LLMQuotaCore/ClusterNet.swift:390:19: warning: 'SecAccessCopyACLList' was deprecated in macOS 10.10: SecKeychain is deprecated [#DeprecatedDeclaration]
 388 |                   let access else { return nil }
 389 |             var list: CFArray?
 390 |             guard SecAccessCopyACLList(access, &list) == errSecSuccess,
     |                   `- warning: 'SecAccessCopyACLList' was deprecated in macOS 10.10: SecKeychain is deprecated [#DeprecatedDeclaration]
 391 |                   let acls = list as? [SecACL] else { return access }
 392 |             for acl in acls {

/private/tmp/llmq-handoff-mutant-20260907/Sources/LLMQuotaCore/ClusterNet.swift:396:23: warning: 'SecACLCopyContents' was deprecated in macOS 10.10: SecKeychain is deprecated [#DeprecatedDeclaration]
 394 |                 var desc: CFString?
 395 |                 var prompt = SecKeychainPromptSelector()
 396 |                 guard SecACLCopyContents(acl, &apps, &desc, &prompt) == errSecSuccess
     |                       `- warning: 'SecACLCopyContents' was deprecated in macOS 10.10: SecKeychain is deprecated [#DeprecatedDeclaration]
 397 |                 else { continue }
 398 |                 _ = SecACLSetContents(acl, nil, desc ?? "" as CFString, prompt)

/private/tmp/llmq-handoff-mutant-20260907/Sources/LLMQuotaCore/ClusterNet.swift:398:21: warning: 'SecACLSetContents' was deprecated in macOS 10.10: SecKeychain is deprecated [#DeprecatedDeclaration]
 396 |                 guard SecACLCopyContents(acl, &apps, &desc, &prompt) == errSecSuccess
 397 |                 else { continue }
 398 |                 _ = SecACLSetContents(acl, nil, desc ?? "" as CFString, prompt)
     |                     `- warning: 'SecACLSetContents' was deprecated in macOS 10.10: SecKeychain is deprecated [#DeprecatedDeclaration]
 399 |             }
 400 |             return access

/private/tmp/llmq-handoff-mutant-20260907/Sources/LLMQuotaCore/ClusterNet.swift:432:13: warning: 'SecKeychainSetUserInteractionAllowed' was deprecated in macOS 10.10: SecKeychain is deprecated [#DeprecatedDeclaration]
 430 |             //
 431 |             // 验证过：加上之后 0.017 秒返回 errSecAuthFailed，不再挂。
 432 |             SecKeychainSetUserInteractionAllowed(false)
     |             `- warning: 'SecKeychainSetUserInteractionAllowed' was deprecated in macOS 10.10: SecKeychain is deprecated [#DeprecatedDeclaration]
 433 |             let q: [String: Any] = [
 434 |                 kSecClass as String: kSecClassGenericPassword,

/private/tmp/llmq-handoff-mutant-20260907/Sources/LLMQuotaCore/ClusterNet.swift:438:52: warning: 'kSecUseAuthenticationUIFail' was deprecated in macOS 11.0: Instead of kSecUseAuthenticationUI, use kSecUseAuthenticationContext and set LAContext.interactionNotAllowed property [#DeprecatedDeclaration]
 436 |                 kSecAttrAccount as String: node,
 437 |                 kSecReturnData as String: true,
 438 |                 kSecUseAuthenticationUI as String: kSecUseAuthenticationUIFail,
     |                                                    `- warning: 'kSecUseAuthenticationUIFail' was deprecated in macOS 11.0: Instead of kSecUseAuthenticationUI, use kSecUseAuthenticationContext and set LAContext.interactionNotAllowed property [#DeprecatedDeclaration]
 439 |             ]
 440 |             var out: CFTypeRef?

/private/tmp/llmq-handoff-mutant-20260907/Sources/LLMQuotaCore/ClusterNet.swift:487:13: warning: 'SecKeychainSetUserInteractionAllowed' was deprecated in macOS 10.10: SecKeychain is deprecated [#DeprecatedDeclaration]
 485 |         /// 我们要的是把**现有**口令原样搬过去。
 486 |         public static func rawLoad(node: String) -> String? {
 487 |             SecKeychainSetUserInteractionAllowed(false)
     |             `- warning: 'SecKeychainSetUserInteractionAllowed' was deprecated in macOS 10.10: SecKeychain is deprecated [#DeprecatedDeclaration]
 488 |             let q: [String: Any] = [
 489 |                 kSecClass as String: kSecClassGenericPassword,

/private/tmp/llmq-handoff-mutant-20260907/Sources/LLMQuotaCore/ClusterNet.swift:955:54: warning: forced cast of 'SecCertificate' to same type has no effect
 953 |             guard name == nil else { return }
 954 |             let ref = sec_certificate_copy_ref(cert).takeRetainedValue()
 955 |             name = TrustEvaluator.commonName(of: ref as! SecCertificate)
     |                                                      `- warning: forced cast of 'SecCertificate' to same type has no effect
 956 |         }
 957 |         return name

[#DeprecatedDeclaration]: <https://docs.swift.org/compiler/documentation/diagnostics/deprecated-declaration>
[107/136] Compiling LLMQuotaCore ConfigIntent.swift
/private/tmp/llmq-handoff-mutant-20260907/Sources/LLMQuotaCore/ClusterNet.swift:141:13: warning: 'SecKeychainCreate' was deprecated in macOS 10.10: SecKeychain is deprecated [#DeprecatedDeclaration]
 139 |         var kc: SecKeychain?
 140 |         let st = pw.withCString { p in
 141 |             SecKeychainCreate(path, UInt32(strlen(p)), p, false, nil, &kc)
     |             `- warning: 'SecKeychainCreate' was deprecated in macOS 10.10: SecKeychain is deprecated [#DeprecatedDeclaration]
 142 |         }
 143 |         guard st == errSecSuccess, let kc else { return nil }

/private/tmp/llmq-handoff-mutant-20260907/Sources/LLMQuotaCore/ClusterNet.swift:152:13: warning: 'SecKeychainUnlock' was deprecated in macOS 10.10: SecKeychain is deprecated [#DeprecatedDeclaration]
 150 |         scratchPassword = pw
 151 |         _ = pw.withCString { p in
 152 |             SecKeychainUnlock(kc, UInt32(strlen(p)), p, true)
     |             `- warning: 'SecKeychainUnlock' was deprecated in macOS 10.10: SecKeychain is deprecated [#DeprecatedDeclaration]
 153 |         }
 154 |         // **到此为止，别再碰这个钥匙串的任何设置。**

/private/tmp/llmq-handoff-mutant-20260907/Sources/LLMQuotaCore/ClusterNet.swift:203:15: warning: 'SecKeychainCopySearchList' was deprecated in macOS 10.10: SecKeychain is deprecated [#DeprecatedDeclaration]
 201 |     private static func setSearchList(adding kc: SecKeychain?) {
 202 |         var list: CFArray?
 203 |         guard SecKeychainCopySearchList(&list) == errSecSuccess,
     |               `- warning: 'SecKeychainCopySearchList' was deprecated in macOS 10.10: SecKeychain is deprecated [#DeprecatedDeclaration]
 204 |               let arr = list as? [SecKeychain] else { return }
 205 |         let mine = scratchDir.appendingPathComponent("scratch-").path

/private/tmp/llmq-handoff-mutant-20260907/Sources/LLMQuotaCore/ClusterNet.swift:211:16: warning: 'SecKeychainGetPath' was deprecated in macOS 10.10: SecKeychain is deprecated [#DeprecatedDeclaration]
 209 |             var buf = [CChar](repeating: 0, count: 4096)
 210 |             var len = UInt32(buf.count)
 211 |             if SecKeychainGetPath(k, &len, &buf) == errSecSuccess {
     |                `- warning: 'SecKeychainGetPath' was deprecated in macOS 10.10: SecKeychain is deprecated [#DeprecatedDeclaration]
 212 |                 let p = String(cString: buf)
 213 |                 // 本工具的、而且文件已经没了 —— 这条是死的，剔掉。

/private/tmp/llmq-handoff-mutant-20260907/Sources/LLMQuotaCore/ClusterNet.swift:222:13: warning: 'SecKeychainSetSearchList' was deprecated in macOS 10.10: SecKeychain is deprecated [#DeprecatedDeclaration]
 220 |         }
 221 |         if let kc { kept.insert(kc, at: 0) }
 222 |         _ = SecKeychainSetSearchList(kept as CFArray)
     |             `- warning: 'SecKeychainSetSearchList' was deprecated in macOS 10.10: SecKeychain is deprecated [#DeprecatedDeclaration]
 223 |     }
 224 | 

/private/tmp/llmq-handoff-mutant-20260907/Sources/LLMQuotaCore/ClusterNet.swift:216:24: warning: immutable value 'kc' was never used; consider replacing with '_' or removing it [#no-usage]
 214 |                 // 别的进程还活着的那条**必须留下**。
 215 |                 if p.hasPrefix(mine) && !fm.fileExists(atPath: p) { continue }
 216 |                 if let kc, p == currentScratchPath { continue }  // 自己那条稍后重新插到最前
     |                        `- warning: immutable value 'kc' was never used; consider replacing with '_' or removing it [#no-usage]
 217 |                 _ = kc
 218 |             }

/private/tmp/llmq-handoff-mutant-20260907/Sources/LLMQuotaCore/ClusterNet.swift:262:15: warning: 'SecKeychainGetStatus' was deprecated in macOS 10.10: SecKeychain is deprecated [#DeprecatedDeclaration]
 260 |         guard let kc = scratch, let pw = scratchPassword else { return false }
 261 |         var st = SecKeychainStatus(0)
 262 |         guard SecKeychainGetStatus(kc, &st) == errSecSuccess else { return false }
     |               `- warning: 'SecKeychainGetStatus' was deprecated in macOS 10.10: SecKeychain is deprecated [#DeprecatedDeclaration]
 263 |         if st & SecKeychainStatus(kSecUnlockStateStatus) != 0 { return true }
 264 |         let r = pw.withCString { p in

/private/tmp/llmq-handoff-mutant-20260907/Sources/LLMQuotaCore/ClusterNet.swift:265:13: warning: 'SecKeychainUnlock' was deprecated in macOS 10.10: SecKeychain is deprecated [#DeprecatedDeclaration]
 263 |         if st & SecKeychainStatus(kSecUnlockStateStatus) != 0 { return true }
 264 |         let r = pw.withCString { p in
 265 |             SecKeychainUnlock(kc, UInt32(strlen(p)), p, true)
     |             `- warning: 'SecKeychainUnlock' was deprecated in macOS 10.10: SecKeychain is deprecated [#DeprecatedDeclaration]
 266 |         }
 267 |         return r == errSecSuccess

/private/tmp/llmq-handoff-mutant-20260907/Sources/LLMQuotaCore/ClusterNet.swift:279:13: warning: 'SecKeychainDelete' was deprecated in macOS 10.10: SecKeychain is deprecated [#DeprecatedDeclaration]
 277 |         // 反过来的话，重算时自己那个文件还在、会被当成「活的」留下，
 278 |         // 于是留下一条指向马上就要消失的文件的死条目。
 279 |         _ = SecKeychainDelete(kc)
     |             `- warning: 'SecKeychainDelete' was deprecated in macOS 10.10: SecKeychain is deprecated [#DeprecatedDeclaration]
 280 |         scratch = nil
 281 |         scratchPassword = nil

/private/tmp/llmq-handoff-mutant-20260907/Sources/LLMQuotaCore/ClusterNet.swift:387:19: warning: 'SecAccessCreate' was deprecated in macOS 10.10: SecKeychain is deprecated [#DeprecatedDeclaration]
 385 |         private static func anyAppAccess() -> SecAccess? {
 386 |             var access: SecAccess?
 387 |             guard SecAccessCreate("llmq 集群口令" as CFString, nil, &access) == errSecSuccess,
     |                   `- warning: 'SecAccessCreate' was deprecated in macOS 10.10: SecKeychain is deprecated [#DeprecatedDeclaration]
 388 |                   let access else { return nil }
 389 |             var list: CFArray?

/private/tmp/llmq-handoff-mutant-20260907/Sources/LLMQuotaCore/ClusterNet.swift:390:19: warning: 'SecAccessCopyACLList' was deprecated in macOS 10.10: SecKeychain is deprecated [#DeprecatedDeclaration]
 388 |                   let access else { return nil }
 389 |             var list: CFArray?
 390 |             guard SecAccessCopyACLList(access, &list) == errSecSuccess,
     |                   `- warning: 'SecAccessCopyACLList' was deprecated in macOS 10.10: SecKeychain is deprecated [#DeprecatedDeclaration]
 391 |                   let acls = list as? [SecACL] else { return access }
 392 |             for acl in acls {

/private/tmp/llmq-handoff-mutant-20260907/Sources/LLMQuotaCore/ClusterNet.swift:396:23: warning: 'SecACLCopyContents' was deprecated in macOS 10.10: SecKeychain is deprecated [#DeprecatedDeclaration]
 394 |                 var desc: CFString?
 395 |                 var prompt = SecKeychainPromptSelector()
 396 |                 guard SecACLCopyContents(acl, &apps, &desc, &prompt) == errSecSuccess
     |                       `- warning: 'SecACLCopyContents' was deprecated in macOS 10.10: SecKeychain is deprecated [#DeprecatedDeclaration]
 397 |                 else { continue }
 398 |                 _ = SecACLSetContents(acl, nil, desc ?? "" as CFString, prompt)

/private/tmp/llmq-handoff-mutant-20260907/Sources/LLMQuotaCore/ClusterNet.swift:398:21: warning: 'SecACLSetContents' was deprecated in macOS 10.10: SecKeychain is deprecated [#DeprecatedDeclaration]
 396 |                 guard SecACLCopyContents(acl, &apps, &desc, &prompt) == errSecSuccess
 397 |                 else { continue }
 398 |                 _ = SecACLSetContents(acl, nil, desc ?? "" as CFString, prompt)
     |                     `- warning: 'SecACLSetContents' was deprecated in macOS 10.10: SecKeychain is deprecated [#DeprecatedDeclaration]
 399 |             }
 400 |             return access

/private/tmp/llmq-handoff-mutant-20260907/Sources/LLMQuotaCore/ClusterNet.swift:432:13: warning: 'SecKeychainSetUserInteractionAllowed' was deprecated in macOS 10.10: SecKeychain is deprecated [#DeprecatedDeclaration]
 430 |             //
 431 |             // 验证过：加上之后 0.017 秒返回 errSecAuthFailed，不再挂。
 432 |             SecKeychainSetUserInteractionAllowed(false)
     |             `- warning: 'SecKeychainSetUserInteractionAllowed' was deprecated in macOS 10.10: SecKeychain is deprecated [#DeprecatedDeclaration]
 433 |             let q: [String: Any] = [
 434 |                 kSecClass as String: kSecClassGenericPassword,

/private/tmp/llmq-handoff-mutant-20260907/Sources/LLMQuotaCore/ClusterNet.swift:438:52: warning: 'kSecUseAuthenticationUIFail' was deprecated in macOS 11.0: Instead of kSecUseAuthenticationUI, use kSecUseAuthenticationContext and set LAContext.interactionNotAllowed property [#DeprecatedDeclaration]
 436 |                 kSecAttrAccount as String: node,
 437 |                 kSecReturnData as String: true,
 438 |                 kSecUseAuthenticationUI as String: kSecUseAuthenticationUIFail,
     |                                                    `- warning: 'kSecUseAuthenticationUIFail' was deprecated in macOS 11.0: Instead of kSecUseAuthenticationUI, use kSecUseAuthenticationContext and set LAContext.interactionNotAllowed property [#DeprecatedDeclaration]
 439 |             ]
 440 |             var out: CFTypeRef?

/private/tmp/llmq-handoff-mutant-20260907/Sources/LLMQuotaCore/ClusterNet.swift:487:13: warning: 'SecKeychainSetUserInteractionAllowed' was deprecated in macOS 10.10: SecKeychain is deprecated [#DeprecatedDeclaration]
 485 |         /// 我们要的是把**现有**口令原样搬过去。
 486 |         public static func rawLoad(node: String) -> String? {
 487 |             SecKeychainSetUserInteractionAllowed(false)
     |             `- warning: 'SecKeychainSetUserInteractionAllowed' was deprecated in macOS 10.10: SecKeychain is deprecated [#DeprecatedDeclaration]
 488 |             let q: [String: Any] = [
 489 |                 kSecClass as String: kSecClassGenericPassword,

/private/tmp/llmq-handoff-mutant-20260907/Sources/LLMQuotaCore/ClusterNet.swift:955:54: warning: forced cast of 'SecCertificate' to same type has no effect
 953 |             guard name == nil else { return }
 954 |             let ref = sec_certificate_copy_ref(cert).takeRetainedValue()
 955 |             name = TrustEvaluator.commonName(of: ref as! SecCertificate)
     |                                                      `- warning: forced cast of 'SecCertificate' to same type has no effect
 956 |         }
 957 |         return name

[#DeprecatedDeclaration]: <https://docs.swift.org/compiler/documentation/diagnostics/deprecated-declaration>
[108/136] Compiling LLMQuotaCore ConsultationLifecycle.swift
/private/tmp/llmq-handoff-mutant-20260907/Sources/LLMQuotaCore/ClusterNet.swift:141:13: warning: 'SecKeychainCreate' was deprecated in macOS 10.10: SecKeychain is deprecated [#DeprecatedDeclaration]
 139 |         var kc: SecKeychain?
 140 |         let st = pw.withCString { p in
 141 |             SecKeychainCreate(path, UInt32(strlen(p)), p, false, nil, &kc)
     |             `- warning: 'SecKeychainCreate' was deprecated in macOS 10.10: SecKeychain is deprecated [#DeprecatedDeclaration]
 142 |         }
 143 |         guard st == errSecSuccess, let kc else { return nil }

/private/tmp/llmq-handoff-mutant-20260907/Sources/LLMQuotaCore/ClusterNet.swift:152:13: warning: 'SecKeychainUnlock' was deprecated in macOS 10.10: SecKeychain is deprecated [#DeprecatedDeclaration]
 150 |         scratchPassword = pw
 151 |         _ = pw.withCString { p in
 152 |             SecKeychainUnlock(kc, UInt32(strlen(p)), p, true)
     |             `- warning: 'SecKeychainUnlock' was deprecated in macOS 10.10: SecKeychain is deprecated [#DeprecatedDeclaration]
 153 |         }
 154 |         // **到此为止，别再碰这个钥匙串的任何设置。**

/private/tmp/llmq-handoff-mutant-20260907/Sources/LLMQuotaCore/ClusterNet.swift:203:15: warning: 'SecKeychainCopySearchList' was deprecated in macOS 10.10: SecKeychain is deprecated [#DeprecatedDeclaration]
 201 |     private static func setSearchList(adding kc: SecKeychain?) {
 202 |         var list: CFArray?
 203 |         guard SecKeychainCopySearchList(&list) == errSecSuccess,
     |               `- warning: 'SecKeychainCopySearchList' was deprecated in macOS 10.10: SecKeychain is deprecated [#DeprecatedDeclaration]
 204 |               let arr = list as? [SecKeychain] else { return }
 205 |         let mine = scratchDir.appendingPathComponent("scratch-").path

/private/tmp/llmq-handoff-mutant-20260907/Sources/LLMQuotaCore/ClusterNet.swift:211:16: warning: 'SecKeychainGetPath' was deprecated in macOS 10.10: SecKeychain is deprecated [#DeprecatedDeclaration]
 209 |             var buf = [CChar](repeating: 0, count: 4096)
 210 |             var len = UInt32(buf.count)
 211 |             if SecKeychainGetPath(k, &len, &buf) == errSecSuccess {
     |                `- warning: 'SecKeychainGetPath' was deprecated in macOS 10.10: SecKeychain is deprecated [#DeprecatedDeclaration]
 212 |                 let p = String(cString: buf)
 213 |                 // 本工具的、而且文件已经没了 —— 这条是死的，剔掉。

/private/tmp/llmq-handoff-mutant-20260907/Sources/LLMQuotaCore/ClusterNet.swift:222:13: warning: 'SecKeychainSetSearchList' was deprecated in macOS 10.10: SecKeychain is deprecated [#DeprecatedDeclaration]
 220 |         }
 221 |         if let kc { kept.insert(kc, at: 0) }
 222 |         _ = SecKeychainSetSearchList(kept as CFArray)
     |             `- warning: 'SecKeychainSetSearchList' was deprecated in macOS 10.10: SecKeychain is deprecated [#DeprecatedDeclaration]
 223 |     }
 224 | 

/private/tmp/llmq-handoff-mutant-20260907/Sources/LLMQuotaCore/ClusterNet.swift:216:24: warning: immutable value 'kc' was never used; consider replacing with '_' or removing it [#no-usage]
 214 |                 // 别的进程还活着的那条**必须留下**。
 215 |                 if p.hasPrefix(mine) && !fm.fileExists(atPath: p) { continue }
 216 |                 if let kc, p == currentScratchPath { continue }  // 自己那条稍后重新插到最前
     |                        `- warning: immutable value 'kc' was never used; consider replacing with '_' or removing it [#no-usage]
 217 |                 _ = kc
 218 |             }

/private/tmp/llmq-handoff-mutant-20260907/Sources/LLMQuotaCore/ClusterNet.swift:262:15: warning: 'SecKeychainGetStatus' was deprecated in macOS 10.10: SecKeychain is deprecated [#DeprecatedDeclaration]
 260 |         guard let kc = scratch, let pw = scratchPassword else { return false }
 261 |         var st = SecKeychainStatus(0)
 262 |         guard SecKeychainGetStatus(kc, &st) == errSecSuccess else { return false }
     |               `- warning: 'SecKeychainGetStatus' was deprecated in macOS 10.10: SecKeychain is deprecated [#DeprecatedDeclaration]
 263 |         if st & SecKeychainStatus(kSecUnlockStateStatus) != 0 { return true }
 264 |         let r = pw.withCString { p in

/private/tmp/llmq-handoff-mutant-20260907/Sources/LLMQuotaCore/ClusterNet.swift:265:13: warning: 'SecKeychainUnlock' was deprecated in macOS 10.10: SecKeychain is deprecated [#DeprecatedDeclaration]
 263 |         if st & SecKeychainStatus(kSecUnlockStateStatus) != 0 { return true }
 264 |         let r = pw.withCString { p in
 265 |             SecKeychainUnlock(kc, UInt32(strlen(p)), p, true)
     |             `- warning: 'SecKeychainUnlock' was deprecated in macOS 10.10: SecKeychain is deprecated [#DeprecatedDeclaration]
 266 |         }
 267 |         return r == errSecSuccess

/private/tmp/llmq-handoff-mutant-20260907/Sources/LLMQuotaCore/ClusterNet.swift:279:13: warning: 'SecKeychainDelete' was deprecated in macOS 10.10: SecKeychain is deprecated [#DeprecatedDeclaration]
 277 |         // 反过来的话，重算时自己那个文件还在、会被当成「活的」留下，
 278 |         // 于是留下一条指向马上就要消失的文件的死条目。
 279 |         _ = SecKeychainDelete(kc)
     |             `- warning: 'SecKeychainDelete' was deprecated in macOS 10.10: SecKeychain is deprecated [#DeprecatedDeclaration]
 280 |         scratch = nil
 281 |         scratchPassword = nil

/private/tmp/llmq-handoff-mutant-20260907/Sources/LLMQuotaCore/ClusterNet.swift:387:19: warning: 'SecAccessCreate' was deprecated in macOS 10.10: SecKeychain is deprecated [#DeprecatedDeclaration]
 385 |         private static func anyAppAccess() -> SecAccess? {
 386 |             var access: SecAccess?
 387 |             guard SecAccessCreate("llmq 集群口令" as CFString, nil, &access) == errSecSuccess,
     |                   `- warning: 'SecAccessCreate' was deprecated in macOS 10.10: SecKeychain is deprecated [#DeprecatedDeclaration]
 388 |                   let access else { return nil }
 389 |             var list: CFArray?

/private/tmp/llmq-handoff-mutant-20260907/Sources/LLMQuotaCore/ClusterNet.swift:390:19: warning: 'SecAccessCopyACLList' was deprecated in macOS 10.10: SecKeychain is deprecated [#DeprecatedDeclaration]
 388 |                   let access else { return nil }
 389 |             var list: CFArray?
 390 |             guard SecAccessCopyACLList(access, &list) == errSecSuccess,
     |                   `- warning: 'SecAccessCopyACLList' was deprecated in macOS 10.10: SecKeychain is deprecated [#DeprecatedDeclaration]
 391 |                   let acls = list as? [SecACL] else { return access }
 392 |             for acl in acls {

/private/tmp/llmq-handoff-mutant-20260907/Sources/LLMQuotaCore/ClusterNet.swift:396:23: warning: 'SecACLCopyContents' was deprecated in macOS 10.10: SecKeychain is deprecated [#DeprecatedDeclaration]
 394 |                 var desc: CFString?
 395 |                 var prompt = SecKeychainPromptSelector()
 396 |                 guard SecACLCopyContents(acl, &apps, &desc, &prompt) == errSecSuccess
     |                       `- warning: 'SecACLCopyContents' was deprecated in macOS 10.10: SecKeychain is deprecated [#DeprecatedDeclaration]
 397 |                 else { continue }
 398 |                 _ = SecACLSetContents(acl, nil, desc ?? "" as CFString, prompt)

/private/tmp/llmq-handoff-mutant-20260907/Sources/LLMQuotaCore/ClusterNet.swift:398:21: warning: 'SecACLSetContents' was deprecated in macOS 10.10: SecKeychain is deprecated [#DeprecatedDeclaration]
 396 |                 guard SecACLCopyContents(acl, &apps, &desc, &prompt) == errSecSuccess
 397 |                 else { continue }
 398 |                 _ = SecACLSetContents(acl, nil, desc ?? "" as CFString, prompt)
     |                     `- warning: 'SecACLSetContents' was deprecated in macOS 10.10: SecKeychain is deprecated [#DeprecatedDeclaration]
 399 |             }
 400 |             return access

/private/tmp/llmq-handoff-mutant-20260907/Sources/LLMQuotaCore/ClusterNet.swift:432:13: warning: 'SecKeychainSetUserInteractionAllowed' was deprecated in macOS 10.10: SecKeychain is deprecated [#DeprecatedDeclaration]
 430 |             //
 431 |             // 验证过：加上之后 0.017 秒返回 errSecAuthFailed，不再挂。
 432 |             SecKeychainSetUserInteractionAllowed(false)
     |             `- warning: 'SecKeychainSetUserInteractionAllowed' was deprecated in macOS 10.10: SecKeychain is deprecated [#DeprecatedDeclaration]
 433 |             let q: [String: Any] = [
 434 |                 kSecClass as String: kSecClassGenericPassword,

/private/tmp/llmq-handoff-mutant-20260907/Sources/LLMQuotaCore/ClusterNet.swift:438:52: warning: 'kSecUseAuthenticationUIFail' was deprecated in macOS 11.0: Instead of kSecUseAuthenticationUI, use kSecUseAuthenticationContext and set LAContext.interactionNotAllowed property [#DeprecatedDeclaration]
 436 |                 kSecAttrAccount as String: node,
 437 |                 kSecReturnData as String: true,
 438 |                 kSecUseAuthenticationUI as String: kSecUseAuthenticationUIFail,
     |                                                    `- warning: 'kSecUseAuthenticationUIFail' was deprecated in macOS 11.0: Instead of kSecUseAuthenticationUI, use kSecUseAuthenticationContext and set LAContext.interactionNotAllowed property [#DeprecatedDeclaration]
 439 |             ]
 440 |             var out: CFTypeRef?

/private/tmp/llmq-handoff-mutant-20260907/Sources/LLMQuotaCore/ClusterNet.swift:487:13: warning: 'SecKeychainSetUserInteractionAllowed' was deprecated in macOS 10.10: SecKeychain is deprecated [#DeprecatedDeclaration]
 485 |         /// 我们要的是把**现有**口令原样搬过去。
 486 |         public static func rawLoad(node: String) -> String? {
 487 |             SecKeychainSetUserInteractionAllowed(false)
     |             `- warning: 'SecKeychainSetUserInteractionAllowed' was deprecated in macOS 10.10: SecKeychain is deprecated [#DeprecatedDeclaration]
 488 |             let q: [String: Any] = [
 489 |                 kSecClass as String: kSecClassGenericPassword,

/private/tmp/llmq-handoff-mutant-20260907/Sources/LLMQuotaCore/ClusterNet.swift:955:54: warning: forced cast of 'SecCertificate' to same type has no effect
 953 |             guard name == nil else { return }
 954 |             let ref = sec_certificate_copy_ref(cert).takeRetainedValue()
 955 |             name = TrustEvaluator.commonName(of: ref as! SecCertificate)
     |                                                      `- warning: forced cast of 'SecCertificate' to same type has no effect
 956 |         }
 957 |         return name

[#DeprecatedDeclaration]: <https://docs.swift.org/compiler/documentation/diagnostics/deprecated-declaration>
[109/136] Compiling LLMQuotaCore ContextAffinityPolicy.swift
/private/tmp/llmq-handoff-mutant-20260907/Sources/LLMQuotaCore/ClusterNet.swift:141:13: warning: 'SecKeychainCreate' was deprecated in macOS 10.10: SecKeychain is deprecated [#DeprecatedDeclaration]
 139 |         var kc: SecKeychain?
 140 |         let st = pw.withCString { p in
 141 |             SecKeychainCreate(path, UInt32(strlen(p)), p, false, nil, &kc)
     |             `- warning: 'SecKeychainCreate' was deprecated in macOS 10.10: SecKeychain is deprecated [#DeprecatedDeclaration]
 142 |         }
 143 |         guard st == errSecSuccess, let kc else { return nil }

/private/tmp/llmq-handoff-mutant-20260907/Sources/LLMQuotaCore/ClusterNet.swift:152:13: warning: 'SecKeychainUnlock' was deprecated in macOS 10.10: SecKeychain is deprecated [#DeprecatedDeclaration]
 150 |         scratchPassword = pw
 151 |         _ = pw.withCString { p in
 152 |             SecKeychainUnlock(kc, UInt32(strlen(p)), p, true)
     |             `- warning: 'SecKeychainUnlock' was deprecated in macOS 10.10: SecKeychain is deprecated [#DeprecatedDeclaration]
 153 |         }
 154 |         // **到此为止，别再碰这个钥匙串的任何设置。**

/private/tmp/llmq-handoff-mutant-20260907/Sources/LLMQuotaCore/ClusterNet.swift:203:15: warning: 'SecKeychainCopySearchList' was deprecated in macOS 10.10: SecKeychain is deprecated [#DeprecatedDeclaration]
 201 |     private static func setSearchList(adding kc: SecKeychain?) {
 202 |         var list: CFArray?
 203 |         guard SecKeychainCopySearchList(&list) == errSecSuccess,
     |               `- warning: 'SecKeychainCopySearchList' was deprecated in macOS 10.10: SecKeychain is deprecated [#DeprecatedDeclaration]
 204 |               let arr = list as? [SecKeychain] else { return }
 205 |         let mine = scratchDir.appendingPathComponent("scratch-").path

/private/tmp/llmq-handoff-mutant-20260907/Sources/LLMQuotaCore/ClusterNet.swift:211:16: warning: 'SecKeychainGetPath' was deprecated in macOS 10.10: SecKeychain is deprecated [#DeprecatedDeclaration]
 209 |             var buf = [CChar](repeating: 0, count: 4096)
 210 |             var len = UInt32(buf.count)
 211 |             if SecKeychainGetPath(k, &len, &buf) == errSecSuccess {
     |                `- warning: 'SecKeychainGetPath' was deprecated in macOS 10.10: SecKeychain is deprecated [#DeprecatedDeclaration]
 212 |                 let p = String(cString: buf)
 213 |                 // 本工具的、而且文件已经没了 —— 这条是死的，剔掉。

/private/tmp/llmq-handoff-mutant-20260907/Sources/LLMQuotaCore/ClusterNet.swift:222:13: warning: 'SecKeychainSetSearchList' was deprecated in macOS 10.10: SecKeychain is deprecated [#DeprecatedDeclaration]
 220 |         }
 221 |         if let kc { kept.insert(kc, at: 0) }
 222 |         _ = SecKeychainSetSearchList(kept as CFArray)
     |             `- warning: 'SecKeychainSetSearchList' was deprecated in macOS 10.10: SecKeychain is deprecated [#DeprecatedDeclaration]
 223 |     }
 224 | 

/private/tmp/llmq-handoff-mutant-20260907/Sources/LLMQuotaCore/ClusterNet.swift:216:24: warning: immutable value 'kc' was never used; consider replacing with '_' or removing it [#no-usage]
 214 |                 // 别的进程还活着的那条**必须留下**。
 215 |                 if p.hasPrefix(mine) && !fm.fileExists(atPath: p) { continue }
 216 |                 if let kc, p == currentScratchPath { continue }  // 自己那条稍后重新插到最前
     |                        `- warning: immutable value 'kc' was never used; consider replacing with '_' or removing it [#no-usage]
 217 |                 _ = kc
 218 |             }

/private/tmp/llmq-handoff-mutant-20260907/Sources/LLMQuotaCore/ClusterNet.swift:262:15: warning: 'SecKeychainGetStatus' was deprecated in macOS 10.10: SecKeychain is deprecated [#DeprecatedDeclaration]
 260 |         guard let kc = scratch, let pw = scratchPassword else { return false }
 261 |         var st = SecKeychainStatus(0)
 262 |         guard SecKeychainGetStatus(kc, &st) == errSecSuccess else { return false }
     |               `- warning: 'SecKeychainGetStatus' was deprecated in macOS 10.10: SecKeychain is deprecated [#DeprecatedDeclaration]
 263 |         if st & SecKeychainStatus(kSecUnlockStateStatus) != 0 { return true }
 264 |         let r = pw.withCString { p in

/private/tmp/llmq-handoff-mutant-20260907/Sources/LLMQuotaCore/ClusterNet.swift:265:13: warning: 'SecKeychainUnlock' was deprecated in macOS 10.10: SecKeychain is deprecated [#DeprecatedDeclaration]
 263 |         if st & SecKeychainStatus(kSecUnlockStateStatus) != 0 { return true }
 264 |         let r = pw.withCString { p in
 265 |             SecKeychainUnlock(kc, UInt32(strlen(p)), p, true)
     |             `- warning: 'SecKeychainUnlock' was deprecated in macOS 10.10: SecKeychain is deprecated [#DeprecatedDeclaration]
 266 |         }
 267 |         return r == errSecSuccess

/private/tmp/llmq-handoff-mutant-20260907/Sources/LLMQuotaCore/ClusterNet.swift:279:13: warning: 'SecKeychainDelete' was deprecated in macOS 10.10: SecKeychain is deprecated [#DeprecatedDeclaration]
 277 |         // 反过来的话，重算时自己那个文件还在、会被当成「活的」留下，
 278 |         // 于是留下一条指向马上就要消失的文件的死条目。
 279 |         _ = SecKeychainDelete(kc)
     |             `- warning: 'SecKeychainDelete' was deprecated in macOS 10.10: SecKeychain is deprecated [#DeprecatedDeclaration]
 280 |         scratch = nil
 281 |         scratchPassword = nil

/private/tmp/llmq-handoff-mutant-20260907/Sources/LLMQuotaCore/ClusterNet.swift:387:19: warning: 'SecAccessCreate' was deprecated in macOS 10.10: SecKeychain is deprecated [#DeprecatedDeclaration]
 385 |         private static func anyAppAccess() -> SecAccess? {
 386 |             var access: SecAccess?
 387 |             guard SecAccessCreate("llmq 集群口令" as CFString, nil, &access) == errSecSuccess,
     |                   `- warning: 'SecAccessCreate' was deprecated in macOS 10.10: SecKeychain is deprecated [#DeprecatedDeclaration]
 388 |                   let access else { return nil }
 389 |             var list: CFArray?

/private/tmp/llmq-handoff-mutant-20260907/Sources/LLMQuotaCore/ClusterNet.swift:390:19: warning: 'SecAccessCopyACLList' was deprecated in macOS 10.10: SecKeychain is deprecated [#DeprecatedDeclaration]
 388 |                   let access else { return nil }
 389 |             var list: CFArray?
 390 |             guard SecAccessCopyACLList(access, &list) == errSecSuccess,
     |                   `- warning: 'SecAccessCopyACLList' was deprecated in macOS 10.10: SecKeychain is deprecated [#DeprecatedDeclaration]
 391 |                   let acls = list as? [SecACL] else { return access }
 392 |             for acl in acls {

/private/tmp/llmq-handoff-mutant-20260907/Sources/LLMQuotaCore/ClusterNet.swift:396:23: warning: 'SecACLCopyContents' was deprecated in macOS 10.10: SecKeychain is deprecated [#DeprecatedDeclaration]
 394 |                 var desc: CFString?
 395 |                 var prompt = SecKeychainPromptSelector()
 396 |                 guard SecACLCopyContents(acl, &apps, &desc, &prompt) == errSecSuccess
     |                       `- warning: 'SecACLCopyContents' was deprecated in macOS 10.10: SecKeychain is deprecated [#DeprecatedDeclaration]
 397 |                 else { continue }
 398 |                 _ = SecACLSetContents(acl, nil, desc ?? "" as CFString, prompt)

/private/tmp/llmq-handoff-mutant-20260907/Sources/LLMQuotaCore/ClusterNet.swift:398:21: warning: 'SecACLSetContents' was deprecated in macOS 10.10: SecKeychain is deprecated [#DeprecatedDeclaration]
 396 |                 guard SecACLCopyContents(acl, &apps, &desc, &prompt) == errSecSuccess
 397 |                 else { continue }
 398 |                 _ = SecACLSetContents(acl, nil, desc ?? "" as CFString, prompt)
     |                     `- warning: 'SecACLSetContents' was deprecated in macOS 10.10: SecKeychain is deprecated [#DeprecatedDeclaration]
 399 |             }
 400 |             return access

/private/tmp/llmq-handoff-mutant-20260907/Sources/LLMQuotaCore/ClusterNet.swift:432:13: warning: 'SecKeychainSetUserInteractionAllowed' was deprecated in macOS 10.10: SecKeychain is deprecated [#DeprecatedDeclaration]
 430 |             //
 431 |             // 验证过：加上之后 0.017 秒返回 errSecAuthFailed，不再挂。
 432 |             SecKeychainSetUserInteractionAllowed(false)
     |             `- warning: 'SecKeychainSetUserInteractionAllowed' was deprecated in macOS 10.10: SecKeychain is deprecated [#DeprecatedDeclaration]
 433 |             let q: [String: Any] = [
 434 |                 kSecClass as String: kSecClassGenericPassword,

/private/tmp/llmq-handoff-mutant-20260907/Sources/LLMQuotaCore/ClusterNet.swift:438:52: warning: 'kSecUseAuthenticationUIFail' was deprecated in macOS 11.0: Instead of kSecUseAuthenticationUI, use kSecUseAuthenticationContext and set LAContext.interactionNotAllowed property [#DeprecatedDeclaration]
 436 |                 kSecAttrAccount as String: node,
 437 |                 kSecReturnData as String: true,
 438 |                 kSecUseAuthenticationUI as String: kSecUseAuthenticationUIFail,
     |                                                    `- warning: 'kSecUseAuthenticationUIFail' was deprecated in macOS 11.0: Instead of kSecUseAuthenticationUI, use kSecUseAuthenticationContext and set LAContext.interactionNotAllowed property [#DeprecatedDeclaration]
 439 |             ]
 440 |             var out: CFTypeRef?

/private/tmp/llmq-handoff-mutant-20260907/Sources/LLMQuotaCore/ClusterNet.swift:487:13: warning: 'SecKeychainSetUserInteractionAllowed' was deprecated in macOS 10.10: SecKeychain is deprecated [#DeprecatedDeclaration]
 485 |         /// 我们要的是把**现有**口令原样搬过去。
 486 |         public static func rawLoad(node: String) -> String? {
 487 |             SecKeychainSetUserInteractionAllowed(false)
     |             `- warning: 'SecKeychainSetUserInteractionAllowed' was deprecated in macOS 10.10: SecKeychain is deprecated [#DeprecatedDeclaration]
 488 |             let q: [String: Any] = [
 489 |                 kSecClass as String: kSecClassGenericPassword,

/private/tmp/llmq-handoff-mutant-20260907/Sources/LLMQuotaCore/ClusterNet.swift:955:54: warning: forced cast of 'SecCertificate' to same type has no effect
 953 |             guard name == nil else { return }
 954 |             let ref = sec_certificate_copy_ref(cert).takeRetainedValue()
 955 |             name = TrustEvaluator.commonName(of: ref as! SecCertificate)
     |                                                      `- warning: forced cast of 'SecCertificate' to same type has no effect
 956 |         }
 957 |         return name

[#DeprecatedDeclaration]: <https://docs.swift.org/compiler/documentation/diagnostics/deprecated-declaration>
[110/136] Compiling LLMQuotaCore ViewFeed.swift
[111/136] Compiling LLMQuotaCore VisualQualityGate.swift
[112/136] Compiling LLMQuotaCore VisualReviewScope.swift
[113/136] Compiling LLMQuotaCore WasteMeter.swift
[114/136] Compiling LLMQuotaCore Watchdog.swift
[115/136] Compiling LLMQuotaCore Work.swift
[116/136] Compiling LLMQuotaCore WorkAttempt.swift
[117/136] Compiling LLMQuotaCore WorkHandoff.swift
[118/136] Compiling LLMQuotaCore WorkLoop.swift
[119/136] Compiling LLMQuotaCore WorkProgress.swift
[120/136] Compiling LLMQuotaCore ZcodeAdapter.swift
[121/136] Compiling LLMQuotaCore resource_bundle_accessor.swift
[122/136] Compiling LLMQuotaCore QuotaEngine.swift
[123/136] Compiling LLMQuotaCore QuotaSignal.swift
[124/136] Compiling LLMQuotaCore ReleaseChannel.swift
[125/136] Compiling LLMQuotaCore ReleaseFanout.swift
[126/136] Compiling LLMQuotaCore RepoExecutionPolicy.swift
[127/136] Compiling LLMQuotaCore RepoLease.swift
[128/136] Compiling LLMQuotaCore RepoMap.swift
[129/136] Compiling LLMQuotaCore ReservePool.swift
[130/136] Compiling LLMQuotaCore Review.swift
[131/136] Compiling LLMQuotaCore RoadmapPage.swift
[132/136] Compiling LLMQuotaCore RunnerConfig.swift
[133/136] Compiling LLMQuotaCore SafeDecode.swift
[134/136] Compiling LLMQuotaCore SchedulerSnapshot.swift
[135/138] Compiling LLMQuotaCoreTests WorkHandoffTests.swift
[136/138] Emitting module LLMQuotaCoreTests
[137/140] Compiling HandoffMutationPackageTests runner.swift
[138/140] Emitting module HandoffMutationPackageTests
[138/140] Write Objects.LinkFileList
[139/140] Linking HandoffMutationPackageTests
Build complete! (45.85s)
Test Suite 'Selected tests' started at 2026-09-07 19:18:39.353.
Test Suite 'HandoffMutationPackageTests.xctest' started at 2026-09-07 19:18:39.356.
Test Suite 'WorkHandoffTests' started at 2026-09-07 19:18:39.356.
Test Case '-[LLMQuotaCoreTests.WorkHandoffTests testCheckedOutDirtyOrBusyDestinationIsNotChanged]' started.
/private/tmp/llmq-handoff-mutant-20260907/Tests/LLMQuotaCoreTests/WorkHandoffTests.swift:66: error: -[LLMQuotaCoreTests.WorkHandoffTests testCheckedOutDirtyOrBusyDestinationIsNotChanged] : XCTAssertThrowsError failed: did not throw an error
/private/tmp/llmq-handoff-mutant-20260907/Tests/LLMQuotaCoreTests/WorkHandoffTests.swift:71: error: -[LLMQuotaCoreTests.WorkHandoffTests testCheckedOutDirtyOrBusyDestinationIsNotChanged] : XCTAssertThrowsError failed: did not throw an error
/private/tmp/llmq-handoff-mutant-20260907/Tests/LLMQuotaCoreTests/WorkHandoffTests.swift:74: error: -[LLMQuotaCoreTests.WorkHandoffTests testCheckedOutDirtyOrBusyDestinationIsNotChanged] : XCTAssertEqual failed: ("af20205890fe6d259ad4bd98cfa52a39401d5d3c") is not equal to ("a386991dbd83a6e71c3b9b1a348d665943c25271")
/private/tmp/llmq-handoff-mutant-20260907/Tests/LLMQuotaCoreTests/WorkHandoffTests.swift:75: error: -[LLMQuotaCoreTests.WorkHandoffTests testCheckedOutDirtyOrBusyDestinationIsNotChanged] : XCTAssertEqual failed: threw error "Error Domain=NSCocoaErrorDomain Code=260 "未能打开文件“character.txt”，因为它不存在。" UserInfo={NSFilePath=/var/folders/tk/t_092pq976x1wgkbzwzryqsr0000gn/T/handoff-F74895C6-916E-44B6-859B-9752CD3F46A5/target/character.txt, NSURL=file:///var/folders/tk/t_092pq976x1wgkbzwzryqsr0000gn/T/handoff-F74895C6-916E-44B6-859B-9752CD3F46A5/target/character.txt, NSUnderlyingError=0xa29031740 {Error Domain=NSPOSIXErrorDomain Code=2 "No such file or directory"}}"
Test Case '-[LLMQuotaCoreTests.WorkHandoffTests testCheckedOutDirtyOrBusyDestinationIsNotChanged]' failed (4.586 seconds).
Test Case '-[LLMQuotaCoreTests.WorkHandoffTests testCleanCommittedWorkIsHandedOffAndOldDestinationAdvances]' started.
/private/tmp/llmq-handoff-mutant-20260907/Tests/LLMQuotaCoreTests/WorkHandoffTests.swift:34: error: -[LLMQuotaCoreTests.WorkHandoffTests testCleanCommittedWorkIsHandedOffAndOldDestinationAdvances] : XCTAssertEqual failed: ("be0bd06e6696b4f01d7dda7b0f6475d19574f6dd") is not equal to ("2dbf4517229c812b96c9c5f13812be523e021a73")
/private/tmp/llmq-handoff-mutant-20260907/Tests/LLMQuotaCoreTests/WorkHandoffTests.swift:35: error: -[LLMQuotaCoreTests.WorkHandoffTests testCleanCommittedWorkIsHandedOffAndOldDestinationAdvances] : XCTAssertEqual failed: threw error "Error Domain=fatal: path 'character.txt' exists on disk, but not in 'agent/claude/task'
 Code=128 "(null)""
Test Case '-[LLMQuotaCoreTests.WorkHandoffTests testCleanCommittedWorkIsHandedOffAndOldDestinationAdvances]' failed (4.172 seconds).
Test Case '-[LLMQuotaCoreTests.WorkHandoffTests testDivergedDestinationIsPreservedAndRefused]' started.
/private/tmp/llmq-handoff-mutant-20260907/Tests/LLMQuotaCoreTests/WorkHandoffTests.swift:48: error: -[LLMQuotaCoreTests.WorkHandoffTests testDivergedDestinationIsPreservedAndRefused] : XCTAssertThrowsError failed: did not throw an error
Test Case '-[LLMQuotaCoreTests.WorkHandoffTests testDivergedDestinationIsPreservedAndRefused]' failed (3.873 seconds).
Test Case '-[LLMQuotaCoreTests.WorkHandoffTests testFailedCheckpointDoesNotTransferOlderCommittedTree]' started.
/private/tmp/llmq-handoff-mutant-20260907/Tests/LLMQuotaCoreTests/WorkHandoffTests.swift:82: error: -[LLMQuotaCoreTests.WorkHandoffTests testFailedCheckpointDoesNotTransferOlderCommittedTree] : XCTAssertThrowsError failed: did not throw an error
/private/tmp/llmq-handoff-mutant-20260907/Tests/LLMQuotaCoreTests/WorkHandoffTests.swift:83: error: -[LLMQuotaCoreTests.WorkHandoffTests testFailedCheckpointDoesNotTransferOlderCommittedTree] : XCTAssertEqual failed: ("Optional("74481cf1a5b305f1ef2fac229e5cb758cc1c1f71")") is not equal to ("Optional("66e893a380a3f936af1c0aefe017c802dfe98e2a")")
Test Case '-[LLMQuotaCoreTests.WorkHandoffTests testFailedCheckpointDoesNotTransferOlderCommittedTree]' failed (3.300 seconds).
Test Case '-[LLMQuotaCoreTests.WorkHandoffTests testOldDestinationCannotSilentlyIgnoreNewSource]' started.
/private/tmp/llmq-handoff-mutant-20260907/Tests/LLMQuotaCoreTests/WorkHandoffTests.swift:41: error: -[LLMQuotaCoreTests.WorkHandoffTests testOldDestinationCannotSilentlyIgnoreNewSource] : XCTAssertEqual failed: ("d8cadcf4af39a8c6ea302dc589b36c8d0cef6662") is not equal to ("709f9e1c4b3ced17ca5deece7be9f42235dd8573")
Test Case '-[LLMQuotaCoreTests.WorkHandoffTests testOldDestinationCannotSilentlyIgnoreNewSource]' failed (2.966 seconds).
Test Case '-[LLMQuotaCoreTests.WorkHandoffTests testUncommittedChangesAreSavedAndInvalidBaseIsRejected]' started.
/private/tmp/llmq-handoff-mutant-20260907/Tests/LLMQuotaCoreTests/WorkHandoffTests.swift:55: error: -[LLMQuotaCoreTests.WorkHandoffTests testUncommittedChangesAreSavedAndInvalidBaseIsRejected] : XCTAssertThrowsError failed: did not throw an error
Test Case '-[LLMQuotaCoreTests.WorkHandoffTests testUncommittedChangesAreSavedAndInvalidBaseIsRejected]' failed (3.592 seconds).
Test Suite 'WorkHandoffTests' failed at 2026-09-07 19:19:01.846.
	 Executed 6 tests, with 11 failures (2 unexpected) in 22.489 (22.490) seconds
Test Suite 'HandoffMutationPackageTests.xctest' failed at 2026-09-07 19:19:01.846.
	 Executed 6 tests, with 11 failures (2 unexpected) in 22.489 (22.490) seconds
Test Suite 'Selected tests' failed at 2026-09-07 19:19:01.846.
	 Executed 6 tests, with 11 failures (2 unexpected) in 22.489 (22.494) seconds
◇ Test run started.
↳ Testing Library Version: 1902
↳ Target Platform: arm64e-apple-macos14.0
✔ Test run with 0 tests in 0 suites passed after 0.001 seconds.
